$ jest --watchAll=false --runInBand
PASS __tests__/allo/joinNotice.test.tsx (19.975 s)
PASS __tests__/allo/reload.test.ts
PASS __tests__/allo/sessionGap.test.tsx (10.652 s)
PASS __tests__/appAssociation.test.ts
PASS __tests__/allo/secrets.web.test.ts
PASS __tests__/appConfig.test.ts
PASS __tests__/routes/pendingHref.test.tsx
PASS __tests__/calls/history.test.ts
PASS __tests__/allo/settingsModal.test.tsx
PASS __tests__/statuses.test.ts
PASS __tests__/presence.test.ts
PASS __tests__/chat/stickerRef.test.ts
PASS __tests__/livekitProguardRules.test.ts
PASS __tests__/allo/enrollmentGate.test.tsx (12.176 s)
  ● Console

    console.error
      The current testing environment is not configured to support act(...)

      46 |   let renderer: TestRenderer.ReactTestRenderer | undefined;
      47 |   act(() => {
    > 48 |     renderer = TestRenderer.create(
         |                             ^
      49 |       <BloomThemeProvider mode="light" fonts={false}>
      50 |         <AlloProvider client={client}>
      51 |           <EnrollmentGate>

      at isConcurrentActEnvironment (../../node_modules/react-test-renderer/cjs/react-test-renderer.development.js:11999:17)
      at warnIfUpdatesNotWrappedWithActDEV (../../node_modules/react-test-renderer/cjs/react-test-renderer.development.js:14399:7)
      at scheduleUpdateOnFiber (../../node_modules/react-test-renderer/cjs/react-test-renderer.development.js:12086:9)
      at updateContainerImpl (../../node_modules/react-test-renderer/cjs/react-test-renderer.development.js:14984:9)
      at updateContainer (../../node_modules/react-test-renderer/cjs/react-test-renderer.development.js:14927:7)
      at Object.<anonymous>.process.env.NODE_ENV.exports.create (../../node_modules/react-test-renderer/cjs/react-test-renderer.development.js:17369:7)
      at create (__tests__/allo/enrollmentGate.test.tsx:48:29)
      at Object.<anonymous>.process.env.NODE_ENV.exports.act (../../node_modules/react/cjs/react.development.js:814:22)
      at mount (__tests__/allo/enrollmentGate.test.tsx:47:6)
      at Object.mount (__tests__/allo/enrollmentGate.test.tsx:96:22)
      at asyncGeneratorStep (../../node_modules/@babel/runtime/helpers/asyncToGenerator.js:3:17)
      at _next (../../node_modules/@babel/runtime/helpers/asyncToGenerator.js:17:9)

    console.error
      The current testing environment is not configured to support act(...)

      46 |   let renderer: TestRenderer.ReactTestRenderer | undefined;
      47 |   act(() => {
    > 48 |     renderer = TestRenderer.create(
         |                             ^
      49 |       <BloomThemeProvider mode="light" fonts={false}>
      50 |         <AlloProvider client={client}>
      51 |           <EnrollmentGate>

      at isConcurrentActEnvironment (../../node_modules/react-test-renderer/cjs/react-test-renderer.development.js:11999:17)
      at warnIfUpdatesNotWrappedWithActDEV (../../node_modules/react-test-renderer/cjs/react-test-renderer.development.js:14399:7)
      at scheduleUpdateOnFiber (../../node_modules/react-test-renderer/cjs/react-test-renderer.development.js:12086:9)
      at updateContainerImpl (../../node_modules/react-test-renderer/cjs/react-test-renderer.development.js:14984:9)
      at updateContainer (../../node_modules/react-test-renderer/cjs/react-test-renderer.development.js:14927:7)
      at Object.<anonymous>.process.env.NODE_ENV.exports.create (../../node_modules/react-test-renderer/cjs/react-test-renderer.development.js:17369:7)
      at create (__tests__/allo/enrollmentGate.test.tsx:48:29)
      at Object.<anonymous>.process.env.NODE_ENV.exports.act (../../node_modules/react/cjs/react.development.js:814:22)
      at mount (__tests__/allo/enrollmentGate.test.tsx:47:6)
      at Object.mount (__tests__/allo/enrollmentGate.test.tsx:109:22)
      at asyncGeneratorStep (../../node_modules/@babel/runtime/helpers/asyncToGenerator.js:3:17)
      at _next (../../node_modules/@babel/runtime/helpers/asyncToGenerator.js:17:9)

    console.error
      The current testing environment is not configured to support act(...)

      30 |         for (const l of [...set]) {
      31 |             try {
    > 32 |                 l();
         |                 ^
      33 |             }
      34 |             catch {
      35 |                 /* a listener's failure is not the SDK's */

      at isConcurrentActEnvironment (../../node_modules/react-test-renderer/cjs/react-test-renderer.development.js:11999:17)
      at warnIfUpdatesNotWrappedWithActDEV (../../node_modules/react-test-renderer/cjs/react-test-renderer.development.js:14399:7)
      at scheduleUpdateOnFiber (../../node_modules/react-test-renderer/cjs/react-test-renderer.development.js:12086:9)
      at forceStoreRerender (../../node_modules/react-test-renderer/cjs/react-test-renderer.development.js:5432:24)
      at ../../node_modules/react-test-renderer/cjs/react-test-renderer.development.js:5417:11
      at Emitter.l [as emit] (../core/dist/events/emitter.js:32:17)
      at Object.emit (../core/dist/client.js:212:17)
      at asyncGeneratorStep (../../node_modules/@babel/runtime/helpers/asyncToGenerator.js:3:17)
      at _next (../../node_modules/@babel/runtime/helpers/asyncToGenerator.js:17:9)

    console.error
      The current testing environment is not configured to support act(...)

      22 |         if (cache.current)
      23 |             cache.current.version++;
    > 24 |         onChange();
         |         ^
      25 |     }), [client, topic]);
      26 |     const read = (0, react_1.useCallback)(() => {
      27 |         const c = cache.current;

      at isConcurrentActEnvironment (../../node_modules/react-test-renderer/cjs/react-test-renderer.development.js:11999:17)
      at warnIfUpdatesNotWrappedWithActDEV (../../node_modules/react-test-renderer/cjs/react-test-renderer.development.js:14399:7)
      at scheduleUpdateOnFiber (../../node_modules/react-test-renderer/cjs/react-test-renderer.development.js:12086:9)
      at forceStoreRerender (../../node_modules/react-test-renderer/cjs/react-test-renderer.development.js:5432:24)
      at ../../node_modules/react-test-renderer/cjs/react-test-renderer.development.js:5417:11
      at onChange (../react/dist/internal/useClientSnapshot.js:24:9)
      at Emitter.l [as emit] (../core/dist/events/emitter.js:32:17)
      at Object.emit (../core/dist/client.js:212:17)
      at asyncGeneratorStep (../../node_modules/@babel/runtime/helpers/asyncToGenerator.js:3:17)
      at _next (../../node_modules/@babel/runtime/helpers/asyncToGenerator.js:17:9)

    console.error
      The current testing environment is not configured to support act(...)

      22 |         if (cache.current)
      23 |             cache.current.version++;
    > 24 |         onChange();
         |         ^
      25 |     }), [client, topic]);
      26 |     const read = (0, react_1.useCallback)(() => {
      27 |         const c = cache.current;

      at isConcurrentActEnvironment (../../node_modules/react-test-renderer/cjs/react-test-renderer.development.js:11999:17)
      at warnIfUpdatesNotWrappedWithActDEV (../../node_modules/react-test-renderer/cjs/react-test-renderer.development.js:14399:7)
      at scheduleUpdateOnFiber (../../node_modules/react-test-renderer/cjs/react-test-renderer.development.js:12086:9)
      at forceStoreRerender (../../node_modules/react-test-renderer/cjs/react-test-renderer.development.js:5432:24)
      at ../../node_modules/react-test-renderer/cjs/react-test-renderer.development.js:5417:11
      at onChange (../react/dist/internal/useClientSnapshot.js:24:9)
      at Emitter.l [as emit] (../core/dist/events/emitter.js:32:17)
      at InstanceManager.emit (../core/dist/instance/manager.js:224:35)
      at asyncGeneratorStep (../../node_modules/@babel/runtime/helpers/asyncToGenerator.js:3:17)
      at _next (../../node_modules/@babel/runtime/helpers/asyncToGenerator.js:17:9)

    console.error
      The current testing environment is not configured to support act(...)

      46 |   let renderer: TestRenderer.ReactTestRenderer | undefined;
      47 |   act(() => {
    > 48 |     renderer = TestRenderer.create(
         |                             ^
      49 |       <BloomThemeProvider mode="light" fonts={false}>
      50 |         <AlloProvider client={client}>
      51 |           <EnrollmentGate>

      at isConcurrentActEnvironment (../../node_modules/react-test-renderer/cjs/react-test-renderer.development.js:11999:17)
      at warnIfUpdatesNotWrappedWithActDEV (../../node_modules/react-test-renderer/cjs/react-test-renderer.development.js:14399:7)
      at scheduleUpdateOnFiber (../../node_modules/react-test-renderer/cjs/react-test-renderer.development.js:12086:9)
      at updateContainerImpl (../../node_modules/react-test-renderer/cjs/react-test-renderer.development.js:14984:9)
      at updateContainer (../../node_modules/react-test-renderer/cjs/react-test-renderer.development.js:14927:7)
      at Object.<anonymous>.process.env.NODE_ENV.exports.create (../../node_modules/react-test-renderer/cjs/react-test-renderer.development.js:17369:7)
      at create (__tests__/allo/enrollmentGate.test.tsx:48:29)
      at Object.<anonymous>.process.env.NODE_ENV.exports.act (../../node_modules/react/cjs/react.development.js:814:22)
      at mount (__tests__/allo/enrollmentGate.test.tsx:47:6)
      at Object.mount (__tests__/allo/enrollmentGate.test.tsx:139:22)
      at asyncGeneratorStep (../../node_modules/@babel/runtime/helpers/asyncToGenerator.js:3:17)
      at _next (../../node_modules/@babel/runtime/helpers/asyncToGenerator.js:17:9)

    console.error
      The current testing environment is not configured to support act(...)

      30 |         for (const l of [...set]) {
      31 |             try {
    > 32 |                 l();
         |                 ^
      33 |             }
      34 |             catch {
      35 |                 /* a listener's failure is not the SDK's */

      at isConcurrentActEnvironment (../../node_modules/react-test-renderer/cjs/react-test-renderer.development.js:11999:17)
      at warnIfUpdatesNotWrappedWithActDEV (../../node_modules/react-test-renderer/cjs/react-test-renderer.development.js:14399:7)
      at scheduleUpdateOnFiber (../../node_modules/react-test-renderer/cjs/react-test-renderer.development.js:12086:9)
      at forceStoreRerender (../../node_modules/react-test-renderer/cjs/react-test-renderer.development.js:5432:24)
      at ../../node_modules/react-test-renderer/cjs/react-test-renderer.development.js:5417:11
      at Emitter.l [as emit] (../core/dist/events/emitter.js:32:17)
      at Object.emit (../core/dist/client.js:212:17)
      at asyncGeneratorStep (../../node_modules/@babel/runtime/helpers/asyncToGenerator.js:3:17)
      at _next (../../node_modules/@babel/runtime/helpers/asyncToGenerator.js:17:9)

    console.error
      The current testing environment is not configured to support act(...)

      22 |         if (cache.current)
      23 |             cache.current.version++;
    > 24 |         onChange();
         |         ^
      25 |     }), [client, topic]);
      26 |     const read = (0, react_1.useCallback)(() => {
      27 |         const c = cache.current;

      at isConcurrentActEnvironment (../../node_modules/react-test-renderer/cjs/react-test-renderer.development.js:11999:17)
      at warnIfUpdatesNotWrappedWithActDEV (../../node_modules/react-test-renderer/cjs/react-test-renderer.development.js:14399:7)
      at scheduleUpdateOnFiber (../../node_modules/react-test-renderer/cjs/react-test-renderer.development.js:12086:9)
      at forceStoreRerender (../../node_modules/react-test-renderer/cjs/react-test-renderer.development.js:5432:24)
      at ../../node_modules/react-test-renderer/cjs/react-test-renderer.development.js:5417:11
      at onChange (../react/dist/internal/useClientSnapshot.js:24:9)
      at Emitter.l [as emit] (../core/dist/events/emitter.js:32:17)
      at Object.emit (../core/dist/client.js:212:17)
      at asyncGeneratorStep (../../node_modules/@babel/runtime/helpers/asyncToGenerator.js:3:17)
      at _next (../../node_modules/@babel/runtime/helpers/asyncToGenerator.js:17:9)

    console.error
      The current testing environment is not configured to support act(...)

      22 |         if (cache.current)
      23 |             cache.current.version++;
    > 24 |         onChange();
         |         ^
      25 |     }), [client, topic]);
      26 |     const read = (0, react_1.useCallback)(() => {
      27 |         const c = cache.current;

      at isConcurrentActEnvironment (../../node_modules/react-test-renderer/cjs/react-test-renderer.development.js:11999:17)
      at warnIfUpdatesNotWrappedWithActDEV (../../node_modules/react-test-renderer/cjs/react-test-renderer.development.js:14399:7)
      at scheduleUpdateOnFiber (../../node_modules/react-test-renderer/cjs/react-test-renderer.development.js:12086:9)
      at forceStoreRerender (../../node_modules/react-test-renderer/cjs/react-test-renderer.development.js:5432:24)
      at ../../node_modules/react-test-renderer/cjs/react-test-renderer.development.js:5417:11
      at onChange (../react/dist/internal/useClientSnapshot.js:24:9)
      at Emitter.l [as emit] (../core/dist/events/emitter.js:32:17)
      at InstanceManager.emit (../core/dist/instance/manager.js:224:35)
      at asyncGeneratorStep (../../node_modules/@babel/runtime/helpers/asyncToGenerator.js:3:17)
      at _next (../../node_modules/@babel/runtime/helpers/asyncToGenerator.js:17:9)

PASS __tests__/allo/backupScreen.test.tsx
  ● Console

    console.error
      The current testing environment is not configured to support act(...)

      144 |   let renderer: TestRenderer.ReactTestRenderer | undefined;
      145 |   act(() => {
    > 146 |     renderer = TestRenderer.create(
          |                             ^
      147 |       <AlloProvider client={client}>
      148 |         <BackupPanel onPhrasePending={onPhrasePending} />
      149 |       </AlloProvider>,

      at isConcurrentActEnvironment (../../node_modules/react-test-renderer/cjs/react-test-renderer.development.js:11999:17)
      at warnIfUpdatesNotWrappedWithActDEV (../../node_modules/react-test-renderer/cjs/react-test-renderer.development.js:14399:7)
      at scheduleUpdateOnFiber (../../node_modules/react-test-renderer/cjs/react-test-renderer.development.js:12086:9)
      at updateContainerImpl (../../node_modules/react-test-renderer/cjs/react-test-renderer.development.js:14984:9)
      at updateContainer (../../node_modules/react-test-renderer/cjs/react-test-renderer.development.js:14927:7)
      at Object.<anonymous>.process.env.NODE_ENV.exports.create (../../node_modules/react-test-renderer/cjs/react-test-renderer.development.js:17369:7)
      at create (__tests__/allo/backupScreen.test.tsx:146:29)
      at Object.<anonymous>.process.env.NODE_ENV.exports.act (../../node_modules/react/cjs/react.development.js:814:22)
      at mount (__tests__/allo/backupScreen.test.tsx:145:6)
      at Object.mount (__tests__/allo/backupScreen.test.tsx:221:19)
      at asyncGeneratorStep (../../node_modules/@babel/runtime/helpers/asyncToGenerator.js:3:17)
      at _next (../../node_modules/@babel/runtime/helpers/asyncToGenerator.js:17:9)

    console.error
      The current testing environment is not configured to support act(...)

      67 |   const turnOn = useCallback(async () => {
      68 |     if (busy) return;
    > 69 |     setAction('enable');
         |     ^
      70 |     try {
      71 |       const words = await enable();
      72 |       setWroteDown(false);

      at isConcurrentActEnvironment (../../node_modules/react-test-renderer/cjs/react-test-renderer.development.js:11999:17)
      at warnIfUpdatesNotWrappedWithActDEV (../../node_modules/react-test-renderer/cjs/react-test-renderer.development.js:14399:7)
      at scheduleUpdateOnFiber (../../node_modules/react-test-renderer/cjs/react-test-renderer.development.js:12086:9)
      at dispatchSetStateInternal (../../node_modules/react-test-renderer/cjs/react-test-renderer.development.js:6208:13)
      at dispatchSetState (../../node_modules/react-test-renderer/cjs/react-test-renderer.development.js:6165:7)
      at setAction (components/backup/BackupPanel.tsx:69:5)
      at asyncGeneratorStep (../../node_modules/@babel/runtime/helpers/asyncToGenerator.js:3:17)
      at _next (../../node_modules/@babel/runtime/helpers/asyncToGenerator.js:17:9)
      at ../../node_modules/@babel/runtime/helpers/asyncToGenerator.js:22:7
      at ../../node_modules/@babel/runtime/helpers/asyncToGenerator.js:14:12
      at Object.turnOn [as onPress] (components/backup/BackupPanel.tsx:217:33)
      at onPress (__tests__/allo/backupScreen.test.tsx:170:21)
      at asyncGeneratorStep (../../node_modules/@babel/runtime/helpers/asyncToGenerator.js:3:17)
      at _next (../../node_modules/@babel/runtime/helpers/asyncToGenerator.js:17:9)
      at ../../node_modules/@babel/runtime/helpers/asyncToGenerator.js:22:7
      at ../../node_modules/@babel/runtime/helpers/asyncToGenerator.js:14:12
      at Object.<anonymous>.process.env.NODE_ENV.exports.act (../../node_modules/react/cjs/react.development.js:814:22)
      at __tests__/allo/backupScreen.test.tsx:168:12
      at asyncGeneratorStep (../../node_modules/@babel/runtime/helpers/asyncToGenerator.js:3:17)
      at _next (../../node_modules/@babel/runtime/helpers/asyncToGenerator.js:17:9)
      at ../../node_modules/@babel/runtime/helpers/asyncToGenerator.js:22:7
      at ../../node_modules/@babel/runtime/helpers/asyncToGenerator.js:14:12
      at apply (__tests__/allo/backupScreen.test.tsx:172:2)
      at apply (__tests__/allo/backupScreen.test.tsx:164:21)
      at Object.press (__tests__/allo/backupScreen.test.tsx:228:11)
      at asyncGeneratorStep (../../node_modules/@babel/runtime/helpers/asyncToGenerator.js:3:17)
      at _next (../../node_modules/@babel/runtime/helpers/asyncToGenerator.js:17:9)

    console.error
      The current testing environment is not configured to support act(...)

      30 |         for (const l of [...set]) {
      31 |             try {
    > 32 |                 l();
         |                 ^
      33 |             }
      34 |             catch {
      35 |                 /* a listener's failure is not the SDK's */

      at isConcurrentActEnvironment (../../node_modules/react-test-renderer/cjs/react-test-renderer.development.js:11999:17)
      at warnIfUpdatesNotWrappedWithActDEV (../../node_modules/react-test-renderer/cjs/react-test-renderer.development.js:14399:7)
      at scheduleUpdateOnFiber (../../node_modules/react-test-renderer/cjs/react-test-renderer.development.js:12086:9)
      at forceStoreRerender (../../node_modules/react-test-renderer/cjs/react-test-renderer.development.js:5432:24)
      at ../../node_modules/react-test-renderer/cjs/react-test-renderer.development.js:5417:11
      at Emitter.l [as emit] (../core/dist/events/emitter.js:32:17)
      at BackupService.emit [as changed] (../core/dist/backup/service.js:69:26)
      at BackupService.changed (../core/dist/backup/service.js:80:14)
      at asyncGeneratorStep (../../node_modules/@babel/runtime/helpers/asyncToGenerator.js:3:17)
      at _next (../../node_modules/@babel/runtime/helpers/asyncToGenerator.js:17:9)

    console.error
      The current testing environment is not configured to support act(...)

      30 |         for (const l of [...set]) {
      31 |             try {
    > 32 |                 l();
         |                 ^
      33 |             }
      34 |             catch {
      35 |                 /* a listener's failure is not the SDK's */

      at isConcurrentActEnvironment (../../node_modules/react-test-renderer/cjs/react-test-renderer.development.js:11999:17)
      at warnIfUpdatesNotWrappedWithActDEV (../../node_modules/react-test-renderer/cjs/react-test-renderer.development.js:14399:7)
      at scheduleUpdateOnFiber (../../node_modules/react-test-renderer/cjs/react-test-renderer.development.js:12086:9)
      at forceStoreRerender (../../node_modules/react-test-renderer/cjs/react-test-renderer.development.js:5432:24)
      at ../../node_modules/react-test-renderer/cjs/react-test-renderer.development.js:5417:11
      at Emitter.l [as emit] (../core/dist/events/emitter.js:32:17)
      at BackupService.emit [as changed] (../core/dist/backup/service.js:69:26)
      at BackupService.changed (../core/dist/backup/service.js:75:14)
      at setBusy (../core/dist/backup/service.js:133:18)
      at asyncGeneratorStep (../../node_modules/@babel/runtime/helpers/asyncToGenerator.js:3:17)
      at _next (../../node_modules/@babel/runtime/helpers/asyncToGenerator.js:17:9)
      at ../../node_modules/@babel/runtime/helpers/asyncToGenerator.js:22:7
      at ../../node_modules/@babel/runtime/helpers/asyncToGenerator.js:14:12

    console.error
      The current testing environment is not configured to support act(...)

      30 |         for (const l of [...set]) {
      31 |             try {
    > 32 |                 l();
         |                 ^
      33 |             }
      34 |             catch {
      35 |                 /* a listener's failure is not the SDK's */

      at isConcurrentActEnvironment (../../node_modules/react-test-renderer/cjs/react-test-renderer.development.js:11999:17)
      at warnIfUpdatesNotWrappedWithActDEV (../../node_modules/react-test-renderer/cjs/react-test-renderer.development.js:14399:7)
      at scheduleUpdateOnFiber (../../node_modules/react-test-renderer/cjs/react-test-renderer.development.js:12086:9)
      at forceStoreRerender (../../node_modules/react-test-renderer/cjs/react-test-renderer.development.js:5432:24)
      at ../../node_modules/react-test-renderer/cjs/react-test-renderer.development.js:5417:11
      at Emitter.l [as emit] (../core/dist/events/emitter.js:32:17)
      at BackupService.emit [as changed] (../core/dist/backup/service.js:69:26)
      at BackupService.changed (../core/dist/backup/service.js:80:14)
      at asyncGeneratorStep (../../node_modules/@babel/runtime/helpers/asyncToGenerator.js:3:17)
      at _next (../../node_modules/@babel/runtime/helpers/asyncToGenerator.js:17:9)

    console.error
      The current testing environment is not configured to support act(...)

      30 |         for (const l of [...set]) {
      31 |             try {
    > 32 |                 l();
         |                 ^
      33 |             }
      34 |             catch {
      35 |                 /* a listener's failure is not the SDK's */

      at isConcurrentActEnvironment (../../node_modules/react-test-renderer/cjs/react-test-renderer.development.js:11999:17)
      at warnIfUpdatesNotWrappedWithActDEV (../../node_modules/react-test-renderer/cjs/react-test-renderer.development.js:14399:7)
      at scheduleUpdateOnFiber (../../node_modules/react-test-renderer/cjs/react-test-renderer.development.js:12086:9)
      at forceStoreRerender (../../node_modules/react-test-renderer/cjs/react-test-renderer.development.js:5432:24)
      at ../../node_modules/react-test-renderer/cjs/react-test-renderer.development.js:5417:11
      at Emitter.l [as emit] (../core/dist/events/emitter.js:32:17)
      at BackupService.emit [as changed] (../core/dist/backup/service.js:69:26)
      at BackupService.changed (../core/dist/backup/service.js:75:14)
      at setBusy (../core/dist/backup/service.js:171:22)
      at asyncGeneratorStep (../../node_modules/@babel/runtime/helpers/asyncToGenerator.js:3:17)
      at _next (../../node_modules/@babel/runtime/helpers/asyncToGenerator.js:17:9)

    console.error
      The current testing environment is not configured to support act(...)

      70 |     try {
      71 |       const words = await enable();
    > 72 |       setWroteDown(false);
         |       ^
      73 |       setPhrase(words);
      74 |     } catch (error: unknown) {
      75 |       logger.error('[Backup] enable failed', error);

      at isConcurrentActEnvironment (../../node_modules/react-test-renderer/cjs/react-test-renderer.development.js:11999:17)
      at warnIfUpdatesNotWrappedWithActDEV (../../node_modules/react-test-renderer/cjs/react-test-renderer.development.js:14399:7)
      at scheduleUpdateOnFiber (../../node_modules/react-test-renderer/cjs/react-test-renderer.development.js:12086:9)
      at dispatchSetStateInternal (../../node_modules/react-test-renderer/cjs/react-test-renderer.development.js:6208:13)
      at dispatchSetState (../../node_modules/react-test-renderer/cjs/react-test-renderer.development.js:6165:7)
      at setWroteDown (components/backup/BackupPanel.tsx:72:7)
      at asyncGeneratorStep (../../node_modules/@babel/runtime/helpers/asyncToGenerator.js:3:17)
      at _next (../../node_modules/@babel/runtime/helpers/asyncToGenerator.js:17:9)

    console.error
      The current testing environment is not configured to support act(...)

      71 |       const words = await enable();
      72 |       setWroteDown(false);
    > 73 |       setPhrase(words);
         |       ^
      74 |     } catch (error: unknown) {
      75 |       logger.error('[Backup] enable failed', error);
      76 |       toast.error(getErrorMessage(error) || t('backup.enableFailed'));

      at isConcurrentActEnvironment (../../node_modules/react-test-renderer/cjs/react-test-renderer.development.js:11999:17)
      at warnIfUpdatesNotWrappedWithActDEV (../../node_modules/react-test-renderer/cjs/react-test-renderer.development.js:14399:7)
      at scheduleUpdateOnFiber (../../node_modules/react-test-renderer/cjs/react-test-renderer.development.js:12086:9)
      at dispatchSetStateInternal (../../node_modules/react-test-renderer/cjs/react-test-renderer.development.js:6208:13)
      at dispatchSetState (../../node_modules/react-test-renderer/cjs/react-test-renderer.development.js:6165:7)
      at setPhrase (components/backup/BackupPanel.tsx:73:7)
      at asyncGeneratorStep (../../node_modules/@babel/runtime/helpers/asyncToGenerator.js:3:17)
      at _next (../../node_modules/@babel/runtime/helpers/asyncToGenerator.js:17:9)

    console.error
      The current testing environment is not configured to support act(...)

      76 |       toast.error(getErrorMessage(error) || t('backup.enableFailed'));
      77 |     } finally {
    > 78 |       setAction(null);
         |       ^
      79 |     }
      80 |   }, [busy, enable, t]);
      81 |

      at isConcurrentActEnvironment (../../node_modules/react-test-renderer/cjs/react-test-renderer.development.js:11999:17)
      at warnIfUpdatesNotWrappedWithActDEV (../../node_modules/react-test-renderer/cjs/react-test-renderer.development.js:14399:7)
      at scheduleUpdateOnFiber (../../node_modules/react-test-renderer/cjs/react-test-renderer.development.js:12086:9)
      at dispatchSetStateInternal (../../node_modules/react-test-renderer/cjs/react-test-renderer.development.js:6208:13)
      at dispatchSetState (../../node_modules/react-test-renderer/cjs/react-test-renderer.development.js:6165:7)
      at setAction (components/backup/BackupPanel.tsx:78:7)
      at asyncGeneratorStep (../../node_modules/@babel/runtime/helpers/asyncToGenerator.js:3:17)
      at _next (../../node_modules/@babel/runtime/helpers/asyncToGenerator.js:17:9)

    console.error
      The current testing environment is not configured to support act(...)

      167 |   if (node.props.disabled) throw new Error(`${testID} is disabled`);
      168 |   await act(async () => {
    > 169 |     if (node.props.onCheckedChange) node.props.onCheckedChange(!node.props.checked);
          |                                                ^
      170 |     else node.props.onPress();
      171 |   });
      172 | }

      at isConcurrentActEnvironment (../../node_modules/react-test-renderer/cjs/react-test-renderer.development.js:11999:17)
      at warnIfUpdatesNotWrappedWithActDEV (../../node_modules/react-test-renderer/cjs/react-test-renderer.development.js:14399:7)
      at scheduleUpdateOnFiber (../../node_modules/react-test-renderer/cjs/react-test-renderer.development.js:12086:9)
      at dispatchSetStateInternal (../../node_modules/react-test-renderer/cjs/react-test-renderer.development.js:6208:13)
      at dispatchSetState (../../node_modules/react-test-renderer/cjs/react-test-renderer.development.js:6165:7)
      at onCheckedChange (__tests__/allo/backupScreen.test.tsx:169:48)
      at asyncGeneratorStep (../../node_modules/@babel/runtime/helpers/asyncToGenerator.js:3:17)
      at _next (../../node_modules/@babel/runtime/helpers/asyncToGenerator.js:17:9)
      at ../../node_modules/@babel/runtime/helpers/asyncToGenerator.js:22:7
      at ../../node_modules/@babel/runtime/helpers/asyncToGenerator.js:14:12
      at Object.<anonymous>.process.env.NODE_ENV.exports.act (../../node_modules/react/cjs/react.development.js:814:22)
      at __tests__/allo/backupScreen.test.tsx:168:12
      at asyncGeneratorStep (../../node_modules/@babel/runtime/helpers/asyncToGenerator.js:3:17)
      at _next (../../node_modules/@babel/runtime/helpers/asyncToGenerator.js:17:9)
      at ../../node_modules/@babel/runtime/helpers/asyncToGenerator.js:22:7
      at ../../node_modules/@babel/runtime/helpers/asyncToGenerator.js:14:12
      at apply (__tests__/allo/backupScreen.test.tsx:164:21)
      at Object.press (__tests__/allo/backupScreen.test.tsx:250:11)
      at asyncGeneratorStep (../../node_modules/@babel/runtime/helpers/asyncToGenerator.js:3:17)
      at _next (../../node_modules/@babel/runtime/helpers/asyncToGenerator.js:17:9)

    console.error
      The current testing environment is not configured to support act(...)

      131 |   const dismissPhrase = useCallback(() => {
      132 |     if (!wroteDown) return;
    > 133 |     setPhrase(null);
          |     ^
      134 |     setWroteDown(false);
      135 |   }, [wroteDown]);
      136 |

      at isConcurrentActEnvironment (../../node_modules/react-test-renderer/cjs/react-test-renderer.development.js:11999:17)
      at warnIfUpdatesNotWrappedWithActDEV (../../node_modules/react-test-renderer/cjs/react-test-renderer.development.js:14399:7)
      at scheduleUpdateOnFiber (../../node_modules/react-test-renderer/cjs/react-test-renderer.development.js:12086:9)
      at dispatchSetStateInternal (../../node_modules/react-test-renderer/cjs/react-test-renderer.development.js:6208:13)
      at dispatchSetState (../../node_modules/react-test-renderer/cjs/react-test-renderer.development.js:6165:7)
      at Object.setPhrase [as onPress] (components/backup/BackupPanel.tsx:133:5)
      at onPress (__tests__/allo/backupScreen.test.tsx:170:21)
      at asyncGeneratorStep (../../node_modules/@babel/runtime/helpers/asyncToGenerator.js:3:17)
      at _next (../../node_modules/@babel/runtime/helpers/asyncToGenerator.js:17:9)
      at ../../node_modules/@babel/runtime/helpers/asyncToGenerator.js:22:7
      at ../../node_modules/@babel/runtime/helpers/asyncToGenerator.js:14:12
      at Object.<anonymous>.process.env.NODE_ENV.exports.act (../../node_modules/react/cjs/react.development.js:814:22)
      at __tests__/allo/backupScreen.test.tsx:168:12
      at asyncGeneratorStep (../../node_modules/@babel/runtime/helpers/asyncToGenerator.js:3:17)
      at _next (../../node_modules/@babel/runtime/helpers/asyncToGenerator.js:17:9)
      at ../../node_modules/@babel/runtime/helpers/asyncToGenerator.js:22:7
      at ../../node_modules/@babel/runtime/helpers/asyncToGenerator.js:14:12
      at apply (__tests__/allo/backupScreen.test.tsx:164:21)
      at Object.press (__tests__/allo/backupScreen.test.tsx:252:11)
      at asyncGeneratorStep (../../node_modules/@babel/runtime/helpers/asyncToGenerator.js:3:17)
      at _next (../../node_modules/@babel/runtime/helpers/asyncToGenerator.js:17:9)

    console.error
      The current testing environment is not configured to support act(...)

      132 |     if (!wroteDown) return;
      133 |     setPhrase(null);
    > 134 |     setWroteDown(false);
          |     ^
      135 |   }, [wroteDown]);
      136 |
      137 |   const runRestore = useCallback(async () => {

      at isConcurrentActEnvironment (../../node_modules/react-test-renderer/cjs/react-test-renderer.development.js:11999:17)
      at warnIfUpdatesNotWrappedWithActDEV (../../node_modules/react-test-renderer/cjs/react-test-renderer.development.js:14399:7)
      at scheduleUpdateOnFiber (../../node_modules/react-test-renderer/cjs/react-test-renderer.development.js:12086:9)
      at dispatchSetStateInternal (../../node_modules/react-test-renderer/cjs/react-test-renderer.development.js:6208:13)
      at dispatchSetState (../../node_modules/react-test-renderer/cjs/react-test-renderer.development.js:6165:7)
      at Object.setWroteDown [as onPress] (components/backup/BackupPanel.tsx:134:5)
      at onPress (__tests__/allo/backupScreen.test.tsx:170:21)
      at asyncGeneratorStep (../../node_modules/@babel/runtime/helpers/asyncToGenerator.js:3:17)
      at _next (../../node_modules/@babel/runtime/helpers/asyncToGenerator.js:17:9)
      at ../../node_modules/@babel/runtime/helpers/asyncToGenerator.js:22:7
      at ../../node_modules/@babel/runtime/helpers/asyncToGenerator.js:14:12
      at Object.<anonymous>.process.env.NODE_ENV.exports.act (../../node_modules/react/cjs/react.development.js:814:22)
      at __tests__/allo/backupScreen.test.tsx:168:12
      at asyncGeneratorStep (../../node_modules/@babel/runtime/helpers/asyncToGenerator.js:3:17)
      at _next (../../node_modules/@babel/runtime/helpers/asyncToGenerator.js:17:9)
      at ../../node_modules/@babel/runtime/helpers/asyncToGenerator.js:22:7
      at ../../node_modules/@babel/runtime/helpers/asyncToGenerator.js:14:12
      at apply (__tests__/allo/backupScreen.test.tsx:164:21)
      at Object.press (__tests__/allo/backupScreen.test.tsx:252:11)
      at asyncGeneratorStep (../../node_modules/@babel/runtime/helpers/asyncToGenerator.js:3:17)
      at _next (../../node_modules/@babel/runtime/helpers/asyncToGenerator.js:17:9)

    console.error
      The current testing environment is not configured to support act(...)

      82 |   const backUpNow = useCallback(async () => {
      83 |     if (busy) return;
    > 84 |     setAction('refresh');
         |     ^
      85 |     try {
      86 |       await refresh();
      87 |       toast.success(t('backup.refreshed'));

      at isConcurrentActEnvironment (../../node_modules/react-test-renderer/cjs/react-test-renderer.development.js:11999:17)
      at warnIfUpdatesNotWrappedWithActDEV (../../node_modules/react-test-renderer/cjs/react-test-renderer.development.js:14399:7)
      at scheduleUpdateOnFiber (../../node_modules/react-test-renderer/cjs/react-test-renderer.development.js:12086:9)
      at dispatchSetStateInternal (../../node_modules/react-test-renderer/cjs/react-test-renderer.development.js:6208:13)
      at dispatchSetState (../../node_modules/react-test-renderer/cjs/react-test-renderer.development.js:6165:7)
      at setAction (components/backup/BackupPanel.tsx:84:5)
      at asyncGeneratorStep (../../node_modules/@babel/runtime/helpers/asyncToGenerator.js:3:17)
      at _next (../../node_modules/@babel/runtime/helpers/asyncToGenerator.js:17:9)
      at ../../node_modules/@babel/runtime/helpers/asyncToGenerator.js:22:7
      at ../../node_modules/@babel/runtime/helpers/asyncToGenerator.js:14:12
      at Object.backUpNow [as onPress] (components/backup/BackupPanel.tsx:197:35)
      at onPress (__tests__/allo/backupScreen.test.tsx:170:21)
      at asyncGeneratorStep (../../node_modules/@babel/runtime/helpers/asyncToGenerator.js:3:17)
      at _next (../../node_modules/@babel/runtime/helpers/asyncToGenerator.js:17:9)
      at ../../node_modules/@babel/runtime/helpers/asyncToGenerator.js:22:7
      at ../../node_modules/@babel/runtime/helpers/asyncToGenerator.js:14:12
      at Object.<anonymous>.process.env.NODE_ENV.exports.act (../../node_modules/react/cjs/react.development.js:814:22)
      at __tests__/allo/backupScreen.test.tsx:168:12
      at asyncGeneratorStep (../../node_modules/@babel/runtime/helpers/asyncToGenerator.js:3:17)
      at _next (../../node_modules/@babel/runtime/helpers/asyncToGenerator.js:17:9)
      at ../../node_modules/@babel/runtime/helpers/asyncToGenerator.js:22:7
      at ../../node_modules/@babel/runtime/helpers/asyncToGenerator.js:14:12
      at apply (__tests__/allo/backupScreen.test.tsx:164:21)
      at Object.press (__tests__/allo/backupScreen.test.tsx:258:11)
      at asyncGeneratorStep (../../node_modules/@babel/runtime/helpers/asyncToGenerator.js:3:17)
      at _next (../../node_modules/@babel/runtime/helpers/asyncToGenerator.js:17:9)

    console.error
      The current testing environment is not configured to support act(...)

      30 |         for (const l of [...set]) {
      31 |             try {
    > 32 |                 l();
         |                 ^
      33 |             }
      34 |             catch {
      35 |                 /* a listener's failure is not the SDK's */

      at isConcurrentActEnvironment (../../node_modules/react-test-renderer/cjs/react-test-renderer.development.js:11999:17)
      at warnIfUpdatesNotWrappedWithActDEV (../../node_modules/react-test-renderer/cjs/react-test-renderer.development.js:14399:7)
      at scheduleUpdateOnFiber (../../node_modules/react-test-renderer/cjs/react-test-renderer.development.js:12086:9)
      at forceStoreRerender (../../node_modules/react-test-renderer/cjs/react-test-renderer.development.js:5432:24)
      at ../../node_modules/react-test-renderer/cjs/react-test-renderer.development.js:5417:11
      at Emitter.l [as emit] (../core/dist/events/emitter.js:32:17)
      at BackupService.emit [as changed] (../core/dist/backup/service.js:69:26)
      at BackupService.changed (../core/dist/backup/service.js:75:14)
      at setBusy (../core/dist/backup/service.js:133:18)
      at asyncGeneratorStep (../../node_modules/@babel/runtime/helpers/asyncToGenerator.js:3:17)
      at _next (../../node_modules/@babel/runtime/helpers/asyncToGenerator.js:17:9)
      at ../../node_modules/@babel/runtime/helpers/asyncToGenerator.js:22:7
      at ../../node_modules/@babel/runtime/helpers/asyncToGenerator.js:14:12

    console.error
      The current testing environment is not configured to support act(...)

      30 |         for (const l of [...set]) {
      31 |             try {
    > 32 |                 l();
         |                 ^
      33 |             }
      34 |             catch {
      35 |                 /* a listener's failure is not the SDK's */

      at isConcurrentActEnvironment (../../node_modules/react-test-renderer/cjs/react-test-renderer.development.js:11999:17)
      at warnIfUpdatesNotWrappedWithActDEV (../../node_modules/react-test-renderer/cjs/react-test-renderer.development.js:14399:7)
      at scheduleUpdateOnFiber (../../node_modules/react-test-renderer/cjs/react-test-renderer.development.js:12086:9)
      at forceStoreRerender (../../node_modules/react-test-renderer/cjs/react-test-renderer.development.js:5432:24)
      at ../../node_modules/react-test-renderer/cjs/react-test-renderer.development.js:5417:11
      at Emitter.l [as emit] (../core/dist/events/emitter.js:32:17)
      at BackupService.emit [as changed] (../core/dist/backup/service.js:69:26)
      at BackupService.changed (../core/dist/backup/service.js:80:14)
      at asyncGeneratorStep (../../node_modules/@babel/runtime/helpers/asyncToGenerator.js:3:17)
      at _next (../../node_modules/@babel/runtime/helpers/asyncToGenerator.js:17:9)

    console.error
      The current testing environment is not configured to support act(...)

      30 |         for (const l of [...set]) {
      31 |             try {
    > 32 |                 l();
         |                 ^
      33 |             }
      34 |             catch {
      35 |                 /* a listener's failure is not the SDK's */

      at isConcurrentActEnvironment (../../node_modules/react-test-renderer/cjs/react-test-renderer.development.js:11999:17)
      at warnIfUpdatesNotWrappedWithActDEV (../../node_modules/react-test-renderer/cjs/react-test-renderer.development.js:14399:7)
      at scheduleUpdateOnFiber (../../node_modules/react-test-renderer/cjs/react-test-renderer.development.js:12086:9)
      at forceStoreRerender (../../node_modules/react-test-renderer/cjs/react-test-renderer.development.js:5432:24)
      at ../../node_modules/react-test-renderer/cjs/react-test-renderer.development.js:5417:11
      at Emitter.l [as emit] (../core/dist/events/emitter.js:32:17)
      at BackupService.emit [as changed] (../core/dist/backup/service.js:69:26)
      at BackupService.changed (../core/dist/backup/service.js:75:14)
      at setBusy (../core/dist/backup/service.js:171:22)
      at asyncGeneratorStep (../../node_modules/@babel/runtime/helpers/asyncToGenerator.js:3:17)
      at _next (../../node_modules/@babel/runtime/helpers/asyncToGenerator.js:17:9)

    console.error
      The current testing environment is not configured to support act(...)

      90 |       toast.error(getErrorMessage(error) || t('backup.refreshFailed'));
      91 |     } finally {
    > 92 |       setAction(null);
         |       ^
      93 |     }
      94 |   }, [busy, refresh, t]);
      95 |

      at isConcurrentActEnvironment (../../node_modules/react-test-renderer/cjs/react-test-renderer.development.js:11999:17)
      at warnIfUpdatesNotWrappedWithActDEV (../../node_modules/react-test-renderer/cjs/react-test-renderer.development.js:14399:7)
      at scheduleUpdateOnFiber (../../node_modules/react-test-renderer/cjs/react-test-renderer.development.js:12086:9)
      at dispatchSetStateInternal (../../node_modules/react-test-renderer/cjs/react-test-renderer.development.js:6208:13)
      at dispatchSetState (../../node_modules/react-test-renderer/cjs/react-test-renderer.development.js:6165:7)
      at setAction (components/backup/BackupPanel.tsx:92:7)
      at asyncGeneratorStep (../../node_modules/@babel/runtime/helpers/asyncToGenerator.js:3:17)
      at _next (../../node_modules/@babel/runtime/helpers/asyncToGenerator.js:17:9)

    console.error
      The current testing environment is not configured to support act(...)

      144 |   let renderer: TestRenderer.ReactTestRenderer | undefined;
      145 |   act(() => {
    > 146 |     renderer = TestRenderer.create(
          |                             ^
      147 |       <AlloProvider client={client}>
      148 |         <BackupPanel onPhrasePending={onPhrasePending} />
      149 |       </AlloProvider>,

      at isConcurrentActEnvironment (../../node_modules/react-test-renderer/cjs/react-test-renderer.development.js:11999:17)
      at warnIfUpdatesNotWrappedWithActDEV (../../node_modules/react-test-renderer/cjs/react-test-renderer.development.js:14399:7)
      at scheduleUpdateOnFiber (../../node_modules/react-test-renderer/cjs/react-test-renderer.development.js:12086:9)
      at updateContainerImpl (../../node_modules/react-test-renderer/cjs/react-test-renderer.development.js:14984:9)
      at updateContainer (../../node_modules/react-test-renderer/cjs/react-test-renderer.development.js:14927:7)
      at Object.<anonymous>.process.env.NODE_ENV.exports.create (../../node_modules/react-test-renderer/cjs/react-test-renderer.development.js:17369:7)
      at create (__tests__/allo/backupScreen.test.tsx:146:29)
      at Object.<anonymous>.process.env.NODE_ENV.exports.act (../../node_modules/react/cjs/react.development.js:814:22)
      at mount (__tests__/allo/backupScreen.test.tsx:145:6)
      at Object.mount (__tests__/allo/backupScreen.test.tsx:273:20)
      at asyncGeneratorStep (../../node_modules/@babel/runtime/helpers/asyncToGenerator.js:3:17)
      at _next (../../node_modules/@babel/runtime/helpers/asyncToGenerator.js:17:9)

    console.error
      The current testing environment is not configured to support act(...)

      261 |                 value={restoreInput}
      262 |                 onChangeText={(value) => {
    > 263 |                   setRestoreInput(value.toLowerCase());
          |                   ^
      264 |                   if (restoreError !== null) setRestoreError(null);
      265 |                 }}
      266 |                 isInvalid={restoreError !== null}

      at isConcurrentActEnvironment (../../node_modules/react-test-renderer/cjs/react-test-renderer.development.js:11999:17)
      at warnIfUpdatesNotWrappedWithActDEV (../../node_modules/react-test-renderer/cjs/react-test-renderer.development.js:14399:7)
      at scheduleUpdateOnFiber (../../node_modules/react-test-renderer/cjs/react-test-renderer.development.js:12086:9)
      at dispatchSetStateInternal (../../node_modules/react-test-renderer/cjs/react-test-renderer.development.js:6208:13)
      at dispatchSetState (../../node_modules/react-test-renderer/cjs/react-test-renderer.development.js:6165:7)
      at Object.setRestoreInput [as onChangeText] (components/backup/BackupPanel.tsx:263:19)
      at onChangeText (__tests__/allo/backupScreen.test.tsx:178:17)
      at asyncGeneratorStep (../../node_modules/@babel/runtime/helpers/asyncToGenerator.js:3:17)
      at _next (../../node_modules/@babel/runtime/helpers/asyncToGenerator.js:17:9)
      at ../../node_modules/@babel/runtime/helpers/asyncToGenerator.js:22:7
      at ../../node_modules/@babel/runtime/helpers/asyncToGenerator.js:14:12
      at Object.<anonymous>.process.env.NODE_ENV.exports.act (../../node_modules/react/cjs/react.development.js:814:22)
      at __tests__/allo/backupScreen.test.tsx:177:12
      at asyncGeneratorStep (../../node_modules/@babel/runtime/helpers/asyncToGenerator.js:3:17)
      at _next (../../node_modules/@babel/runtime/helpers/asyncToGenerator.js:17:9)
      at ../../node_modules/@babel/runtime/helpers/asyncToGenerator.js:22:7
      at ../../node_modules/@babel/runtime/helpers/asyncToGenerator.js:14:12
      at apply (__tests__/allo/backupScreen.test.tsx:180:2)
      at apply (__tests__/allo/backupScreen.test.tsx:174:20)
      at Object.type (__tests__/allo/backupScreen.test.tsx:284:11)
      at asyncGeneratorStep (../../node_modules/@babel/runtime/helpers/asyncToGenerator.js:3:17)
      at _next (../../node_modules/@babel/runtime/helpers/asyncToGenerator.js:17:9)

    console.error
      The current testing environment is not configured to support act(...)

      137 |   const runRestore = useCallback(async () => {
      138 |     if (busy) return;
    > 139 |     setRestoreError(null);
          |     ^
      140 |     setAction('restore');
      141 |     try {
      142 |       await restore(normalizeRecoveryPhrase(restoreInput));

      at isConcurrentActEnvironment (../../node_modules/react-test-renderer/cjs/react-test-renderer.development.js:11999:17)
      at warnIfUpdatesNotWrappedWithActDEV (../../node_modules/react-test-renderer/cjs/react-test-renderer.development.js:14399:7)
      at scheduleUpdateOnFiber (../../node_modules/react-test-renderer/cjs/react-test-renderer.development.js:12086:9)
      at dispatchSetStateInternal (../../node_modules/react-test-renderer/cjs/react-test-renderer.development.js:6208:13)
      at dispatchSetState (../../node_modules/react-test-renderer/cjs/react-test-renderer.development.js:6165:7)
      at setRestoreError (components/backup/BackupPanel.tsx:139:5)
      at asyncGeneratorStep (../../node_modules/@babel/runtime/helpers/asyncToGenerator.js:3:17)
      at _next (../../node_modules/@babel/runtime/helpers/asyncToGenerator.js:17:9)
      at ../../node_modules/@babel/runtime/helpers/asyncToGenerator.js:22:7
      at ../../node_modules/@babel/runtime/helpers/asyncToGenerator.js:14:12
      at Object.runRestore [as onPress] (components/backup/BackupPanel.tsx:290:37)
      at onPress (__tests__/allo/backupScreen.test.tsx:170:21)
      at asyncGeneratorStep (../../node_modules/@babel/runtime/helpers/asyncToGenerator.js:3:17)
      at _next (../../node_modules/@babel/runtime/helpers/asyncToGenerator.js:17:9)
      at ../../node_modules/@babel/runtime/helpers/asyncToGenerator.js:22:7
      at ../../node_modules/@babel/runtime/helpers/asyncToGenerator.js:14:12
      at Object.<anonymous>.process.env.NODE_ENV.exports.act (../../node_modules/react/cjs/react.development.js:814:22)
      at __tests__/allo/backupScreen.test.tsx:168:12
      at asyncGeneratorStep (../../node_modules/@babel/runtime/helpers/asyncToGenerator.js:3:17)
      at _next (../../node_modules/@babel/runtime/helpers/asyncToGenerator.js:17:9)
      at ../../node_modules/@babel/runtime/helpers/asyncToGenerator.js:22:7
      at ../../node_modules/@babel/runtime/helpers/asyncToGenerator.js:14:12
      at apply (__tests__/allo/backupScreen.test.tsx:164:21)
      at Object.press (__tests__/allo/backupScreen.test.tsx:286:11)
      at asyncGeneratorStep (../../node_modules/@babel/runtime/helpers/asyncToGenerator.js:3:17)
      at _next (../../node_modules/@babel/runtime/helpers/asyncToGenerator.js:17:9)

    console.error
      The current testing environment is not configured to support act(...)

      138 |     if (busy) return;
      139 |     setRestoreError(null);
    > 140 |     setAction('restore');
          |     ^
      141 |     try {
      142 |       await restore(normalizeRecoveryPhrase(restoreInput));
      143 |       setRestoreInput('');

      at isConcurrentActEnvironment (../../node_modules/react-test-renderer/cjs/react-test-renderer.development.js:11999:17)
      at warnIfUpdatesNotWrappedWithActDEV (../../node_modules/react-test-renderer/cjs/react-test-renderer.development.js:14399:7)
      at scheduleUpdateOnFiber (../../node_modules/react-test-renderer/cjs/react-test-renderer.development.js:12086:9)
      at dispatchSetStateInternal (../../node_modules/react-test-renderer/cjs/react-test-renderer.development.js:6208:13)
      at dispatchSetState (../../node_modules/react-test-renderer/cjs/react-test-renderer.development.js:6165:7)
      at setAction (components/backup/BackupPanel.tsx:140:5)
      at asyncGeneratorStep (../../node_modules/@babel/runtime/helpers/asyncToGenerator.js:3:17)
      at _next (../../node_modules/@babel/runtime/helpers/asyncToGenerator.js:17:9)
      at ../../node_modules/@babel/runtime/helpers/asyncToGenerator.js:22:7
      at ../../node_modules/@babel/runtime/helpers/asyncToGenerator.js:14:12
      at Object.runRestore [as onPress] (components/backup/BackupPanel.tsx:290:37)
      at onPress (__tests__/allo/backupScreen.test.tsx:170:21)
      at asyncGeneratorStep (../../node_modules/@babel/runtime/helpers/asyncToGenerator.js:3:17)
      at _next (../../node_modules/@babel/runtime/helpers/asyncToGenerator.js:17:9)
      at ../../node_modules/@babel/runtime/helpers/asyncToGenerator.js:22:7
      at ../../node_modules/@babel/runtime/helpers/asyncToGenerator.js:14:12
      at Object.<anonymous>.process.env.NODE_ENV.exports.act (../../node_modules/react/cjs/react.development.js:814:22)
      at __tests__/allo/backupScreen.test.tsx:168:12
      at asyncGeneratorStep (../../node_modules/@babel/runtime/helpers/asyncToGenerator.js:3:17)
      at _next (../../node_modules/@babel/runtime/helpers/asyncToGenerator.js:17:9)
      at ../../node_modules/@babel/runtime/helpers/asyncToGenerator.js:22:7
      at ../../node_modules/@babel/runtime/helpers/asyncToGenerator.js:14:12
      at apply (__tests__/allo/backupScreen.test.tsx:164:21)
      at Object.press (__tests__/allo/backupScreen.test.tsx:286:11)
      at asyncGeneratorStep (../../node_modules/@babel/runtime/helpers/asyncToGenerator.js:3:17)
      at _next (../../node_modules/@babel/runtime/helpers/asyncToGenerator.js:17:9)

    console.error
      The current testing environment is not configured to support act(...)

      30 |         for (const l of [...set]) {
      31 |             try {
    > 32 |                 l();
         |                 ^
      33 |             }
      34 |             catch {
      35 |                 /* a listener's failure is not the SDK's */

      at isConcurrentActEnvironment (../../node_modules/react-test-renderer/cjs/react-test-renderer.development.js:11999:17)
      at warnIfUpdatesNotWrappedWithActDEV (../../node_modules/react-test-renderer/cjs/react-test-renderer.development.js:14399:7)
      at scheduleUpdateOnFiber (../../node_modules/react-test-renderer/cjs/react-test-renderer.development.js:12086:9)
      at forceStoreRerender (../../node_modules/react-test-renderer/cjs/react-test-renderer.development.js:5432:24)
      at ../../node_modules/react-test-renderer/cjs/react-test-renderer.development.js:5417:11
      at Emitter.l [as emit] (../core/dist/events/emitter.js:32:17)
      at BackupService.emit [as changed] (../core/dist/backup/service.js:69:26)
      at BackupService.changed (../core/dist/backup/service.js:199:14)
      at asyncGeneratorStep (../../node_modules/@babel/runtime/helpers/asyncToGenerator.js:3:17)
      at _next (../../node_modules/@babel/runtime/helpers/asyncToGenerator.js:17:9)

    console.error
      The current testing environment is not configured to support act(...)

      145 |     } catch (error: unknown) {
      146 |       if (error instanceof RecoveryPhraseError) {
    > 147 |         setRestoreError(t('backup.restore.wrongPhrase'));
          |         ^
      148 |       } else {
      149 |         logger.error('[Backup] restore failed', error);
      150 |         setRestoreError(t('backup.restore.failed'));

      at isConcurrentActEnvironment (../../node_modules/react-test-renderer/cjs/react-test-renderer.development.js:11999:17)
      at warnIfUpdatesNotWrappedWithActDEV (../../node_modules/react-test-renderer/cjs/react-test-renderer.development.js:14399:7)
      at scheduleUpdateOnFiber (../../node_modules/react-test-renderer/cjs/react-test-renderer.development.js:12086:9)
      at dispatchSetStateInternal (../../node_modules/react-test-renderer/cjs/react-test-renderer.development.js:6208:13)
      at dispatchSetState (../../node_modules/react-test-renderer/cjs/react-test-renderer.development.js:6165:7)
      at setRestoreError (components/backup/BackupPanel.tsx:147:9)
          at Generator.throw (<anonymous>)
      at asyncGeneratorStep (../../node_modules/@babel/runtime/helpers/asyncToGenerator.js:3:17)
      at _throw (../../node_modules/@babel/runtime/helpers/asyncToGenerator.js:20:9)

    console.error
      The current testing environment is not configured to support act(...)

      151 |       }
      152 |     } finally {
    > 153 |       setAction(null);
          |       ^
      154 |     }
      155 |   }, [busy, restore, restoreInput, t]);
      156 |

      at isConcurrentActEnvironment (../../node_modules/react-test-renderer/cjs/react-test-renderer.development.js:11999:17)
      at warnIfUpdatesNotWrappedWithActDEV (../../node_modules/react-test-renderer/cjs/react-test-renderer.development.js:14399:7)
      at scheduleUpdateOnFiber (../../node_modules/react-test-renderer/cjs/react-test-renderer.development.js:12086:9)
      at dispatchSetStateInternal (../../node_modules/react-test-renderer/cjs/react-test-renderer.development.js:6208:13)
      at dispatchSetState (../../node_modules/react-test-renderer/cjs/react-test-renderer.development.js:6165:7)
      at setAction (components/backup/BackupPanel.tsx:153:7)
          at Generator.throw (<anonymous>)
      at asyncGeneratorStep (../../node_modules/@babel/runtime/helpers/asyncToGenerator.js:3:17)
      at _throw (../../node_modules/@babel/runtime/helpers/asyncToGenerator.js:20:9)

    console.error
      The current testing environment is not configured to support act(...)

      261 |                 value={restoreInput}
      262 |                 onChangeText={(value) => {
    > 263 |                   setRestoreInput(value.toLowerCase());
          |                   ^
      264 |                   if (restoreError !== null) setRestoreError(null);
      265 |                 }}
      266 |                 isInvalid={restoreError !== null}

      at isConcurrentActEnvironment (../../node_modules/react-test-renderer/cjs/react-test-renderer.development.js:11999:17)
      at warnIfUpdatesNotWrappedWithActDEV (../../node_modules/react-test-renderer/cjs/react-test-renderer.development.js:14399:7)
      at scheduleUpdateOnFiber (../../node_modules/react-test-renderer/cjs/react-test-renderer.development.js:12086:9)
      at dispatchSetStateInternal (../../node_modules/react-test-renderer/cjs/react-test-renderer.development.js:6208:13)
      at dispatchSetState (../../node_modules/react-test-renderer/cjs/react-test-renderer.development.js:6165:7)
      at Object.setRestoreInput [as onChangeText] (components/backup/BackupPanel.tsx:263:19)
      at onChangeText (__tests__/allo/backupScreen.test.tsx:178:17)
      at asyncGeneratorStep (../../node_modules/@babel/runtime/helpers/asyncToGenerator.js:3:17)
      at _next (../../node_modules/@babel/runtime/helpers/asyncToGenerator.js:17:9)
      at ../../node_modules/@babel/runtime/helpers/asyncToGenerator.js:22:7
      at ../../node_modules/@babel/runtime/helpers/asyncToGenerator.js:14:12
      at Object.<anonymous>.process.env.NODE_ENV.exports.act (../../node_modules/react/cjs/react.development.js:814:22)
      at __tests__/allo/backupScreen.test.tsx:177:12
      at asyncGeneratorStep (../../node_modules/@babel/runtime/helpers/asyncToGenerator.js:3:17)
      at _next (../../node_modules/@babel/runtime/helpers/asyncToGenerator.js:17:9)
      at ../../node_modules/@babel/runtime/helpers/asyncToGenerator.js:22:7
      at ../../node_modules/@babel/runtime/helpers/asyncToGenerator.js:14:12
      at apply (__tests__/allo/backupScreen.test.tsx:174:20)
      at Object.type (__tests__/allo/backupScreen.test.tsx:293:11)
      at asyncGeneratorStep (../../node_modules/@babel/runtime/helpers/asyncToGenerator.js:3:17)
      at _next (../../node_modules/@babel/runtime/helpers/asyncToGenerator.js:17:9)

    console.error
      The current testing environment is not configured to support act(...)

      262 |                 onChangeText={(value) => {
      263 |                   setRestoreInput(value.toLowerCase());
    > 264 |                   if (restoreError !== null) setRestoreError(null);
          |                                              ^
      265 |                 }}
      266 |                 isInvalid={restoreError !== null}
      267 |                 rows={3}

      at isConcurrentActEnvironment (../../node_modules/react-test-renderer/cjs/react-test-renderer.development.js:11999:17)
      at warnIfUpdatesNotWrappedWithActDEV (../../node_modules/react-test-renderer/cjs/react-test-renderer.development.js:14399:7)
      at scheduleUpdateOnFiber (../../node_modules/react-test-renderer/cjs/react-test-renderer.development.js:12086:9)
      at dispatchSetStateInternal (../../node_modules/react-test-renderer/cjs/react-test-renderer.development.js:6208:13)
      at dispatchSetState (../../node_modules/react-test-renderer/cjs/react-test-renderer.development.js:6165:7)
      at Object.setRestoreError [as onChangeText] (components/backup/BackupPanel.tsx:264:46)
      at onChangeText (__tests__/allo/backupScreen.test.tsx:178:17)
      at asyncGeneratorStep (../../node_modules/@babel/runtime/helpers/asyncToGenerator.js:3:17)
      at _next (../../node_modules/@babel/runtime/helpers/asyncToGenerator.js:17:9)
      at ../../node_modules/@babel/runtime/helpers/asyncToGenerator.js:22:7
      at ../../node_modules/@babel/runtime/helpers/asyncToGenerator.js:14:12
      at Object.<anonymous>.process.env.NODE_ENV.exports.act (../../node_modules/react/cjs/react.development.js:814:22)
      at __tests__/allo/backupScreen.test.tsx:177:12
      at asyncGeneratorStep (../../node_modules/@babel/runtime/helpers/asyncToGenerator.js:3:17)
      at _next (../../node_modules/@babel/runtime/helpers/asyncToGenerator.js:17:9)
      at ../../node_modules/@babel/runtime/helpers/asyncToGenerator.js:22:7
      at ../../node_modules/@babel/runtime/helpers/asyncToGenerator.js:14:12
      at apply (__tests__/allo/backupScreen.test.tsx:174:20)
      at Object.type (__tests__/allo/backupScreen.test.tsx:293:11)
      at asyncGeneratorStep (../../node_modules/@babel/runtime/helpers/asyncToGenerator.js:3:17)
      at _next (../../node_modules/@babel/runtime/helpers/asyncToGenerator.js:17:9)

    console.error
      The current testing environment is not configured to support act(...)

      137 |   const runRestore = useCallback(async () => {
      138 |     if (busy) return;
    > 139 |     setRestoreError(null);
          |     ^
      140 |     setAction('restore');
      141 |     try {
      142 |       await restore(normalizeRecoveryPhrase(restoreInput));

      at isConcurrentActEnvironment (../../node_modules/react-test-renderer/cjs/react-test-renderer.development.js:11999:17)
      at warnIfUpdatesNotWrappedWithActDEV (../../node_modules/react-test-renderer/cjs/react-test-renderer.development.js:14399:7)
      at scheduleUpdateOnFiber (../../node_modules/react-test-renderer/cjs/react-test-renderer.development.js:12086:9)
      at dispatchSetStateInternal (../../node_modules/react-test-renderer/cjs/react-test-renderer.development.js:6208:13)
      at dispatchSetState (../../node_modules/react-test-renderer/cjs/react-test-renderer.development.js:6165:7)
      at setRestoreError (components/backup/BackupPanel.tsx:139:5)
      at asyncGeneratorStep (../../node_modules/@babel/runtime/helpers/asyncToGenerator.js:3:17)
      at _next (../../node_modules/@babel/runtime/helpers/asyncToGenerator.js:17:9)
      at ../../node_modules/@babel/runtime/helpers/asyncToGenerator.js:22:7
      at ../../node_modules/@babel/runtime/helpers/asyncToGenerator.js:14:12
      at Object.runRestore [as onPress] (components/backup/BackupPanel.tsx:290:37)
      at onPress (__tests__/allo/backupScreen.test.tsx:170:21)
      at asyncGeneratorStep (../../node_modules/@babel/runtime/helpers/asyncToGenerator.js:3:17)
      at _next (../../node_modules/@babel/runtime/helpers/asyncToGenerator.js:17:9)
      at ../../node_modules/@babel/runtime/helpers/asyncToGenerator.js:22:7
      at ../../node_modules/@babel/runtime/helpers/asyncToGenerator.js:14:12
      at Object.<anonymous>.process.env.NODE_ENV.exports.act (../../node_modules/react/cjs/react.development.js:814:22)
      at __tests__/allo/backupScreen.test.tsx:168:12
      at asyncGeneratorStep (../../node_modules/@babel/runtime/helpers/asyncToGenerator.js:3:17)
      at _next (../../node_modules/@babel/runtime/helpers/asyncToGenerator.js:17:9)
      at ../../node_modules/@babel/runtime/helpers/asyncToGenerator.js:22:7
      at ../../node_modules/@babel/runtime/helpers/asyncToGenerator.js:14:12
      at apply (__tests__/allo/backupScreen.test.tsx:164:21)
      at Object.press (__tests__/allo/backupScreen.test.tsx:295:11)
      at asyncGeneratorStep (../../node_modules/@babel/runtime/helpers/asyncToGenerator.js:3:17)
      at _next (../../node_modules/@babel/runtime/helpers/asyncToGenerator.js:17:9)

    console.error
      The current testing environment is not configured to support act(...)

      138 |     if (busy) return;
      139 |     setRestoreError(null);
    > 140 |     setAction('restore');
          |     ^
      141 |     try {
      142 |       await restore(normalizeRecoveryPhrase(restoreInput));
      143 |       setRestoreInput('');

      at isConcurrentActEnvironment (../../node_modules/react-test-renderer/cjs/react-test-renderer.development.js:11999:17)
      at warnIfUpdatesNotWrappedWithActDEV (../../node_modules/react-test-renderer/cjs/react-test-renderer.development.js:14399:7)
      at scheduleUpdateOnFiber (../../node_modules/react-test-renderer/cjs/react-test-renderer.development.js:12086:9)
      at dispatchSetStateInternal (../../node_modules/react-test-renderer/cjs/react-test-renderer.development.js:6208:13)
      at dispatchSetState (../../node_modules/react-test-renderer/cjs/react-test-renderer.development.js:6165:7)
      at setAction (components/backup/BackupPanel.tsx:140:5)
      at asyncGeneratorStep (../../node_modules/@babel/runtime/helpers/asyncToGenerator.js:3:17)
      at _next (../../node_modules/@babel/runtime/helpers/asyncToGenerator.js:17:9)
      at ../../node_modules/@babel/runtime/helpers/asyncToGenerator.js:22:7
      at ../../node_modules/@babel/runtime/helpers/asyncToGenerator.js:14:12
      at Object.runRestore [as onPress] (components/backup/BackupPanel.tsx:290:37)
      at onPress (__tests__/allo/backupScreen.test.tsx:170:21)
      at asyncGeneratorStep (../../node_modules/@babel/runtime/helpers/asyncToGenerator.js:3:17)
      at _next (../../node_modules/@babel/runtime/helpers/asyncToGenerator.js:17:9)
      at ../../node_modules/@babel/runtime/helpers/asyncToGenerator.js:22:7
      at ../../node_modules/@babel/runtime/helpers/asyncToGenerator.js:14:12
      at Object.<anonymous>.process.env.NODE_ENV.exports.act (../../node_modules/react/cjs/react.development.js:814:22)
      at __tests__/allo/backupScreen.test.tsx:168:12
      at asyncGeneratorStep (../../node_modules/@babel/runtime/helpers/asyncToGenerator.js:3:17)
      at _next (../../node_modules/@babel/runtime/helpers/asyncToGenerator.js:17:9)
      at ../../node_modules/@babel/runtime/helpers/asyncToGenerator.js:22:7
      at ../../node_modules/@babel/runtime/helpers/asyncToGenerator.js:14:12
      at apply (__tests__/allo/backupScreen.test.tsx:164:21)
      at Object.press (__tests__/allo/backupScreen.test.tsx:295:11)
      at asyncGeneratorStep (../../node_modules/@babel/runtime/helpers/asyncToGenerator.js:3:17)
      at _next (../../node_modules/@babel/runtime/helpers/asyncToGenerator.js:17:9)

    console.error
      The current testing environment is not configured to support act(...)

      30 |         for (const l of [...set]) {
      31 |             try {
    > 32 |                 l();
         |                 ^
      33 |             }
      34 |             catch {
      35 |                 /* a listener's failure is not the SDK's */

      at isConcurrentActEnvironment (../../node_modules/react-test-renderer/cjs/react-test-renderer.development.js:11999:17)
      at warnIfUpdatesNotWrappedWithActDEV (../../node_modules/react-test-renderer/cjs/react-test-renderer.development.js:14399:7)
      at scheduleUpdateOnFiber (../../node_modules/react-test-renderer/cjs/react-test-renderer.development.js:12086:9)
      at forceStoreRerender (../../node_modules/react-test-renderer/cjs/react-test-renderer.development.js:5432:24)
      at ../../node_modules/react-test-renderer/cjs/react-test-renderer.development.js:5417:11
      at Emitter.l [as emit] (../core/dist/events/emitter.js:32:17)
      at BackupService.emit [as changed] (../core/dist/backup/service.js:69:26)
      at BackupService.changed (../core/dist/backup/service.js:199:14)
      at asyncGeneratorStep (../../node_modules/@babel/runtime/helpers/asyncToGenerator.js:3:17)
      at _next (../../node_modules/@babel/runtime/helpers/asyncToGenerator.js:17:9)

    console.error
      The current testing environment is not configured to support act(...)

      30 |         for (const l of [...set]) {
      31 |             try {
    > 32 |                 l();
         |                 ^
      33 |             }
      34 |             catch {
      35 |                 /* a listener's failure is not the SDK's */

      at isConcurrentActEnvironment (../../node_modules/react-test-renderer/cjs/react-test-renderer.development.js:11999:17)
      at warnIfUpdatesNotWrappedWithActDEV (../../node_modules/react-test-renderer/cjs/react-test-renderer.development.js:14399:7)
      at scheduleUpdateOnFiber (../../node_modules/react-test-renderer/cjs/react-test-renderer.development.js:12086:9)
      at forceStoreRerender (../../node_modules/react-test-renderer/cjs/react-test-renderer.development.js:5432:24)
      at ../../node_modules/react-test-renderer/cjs/react-test-renderer.development.js:5417:11
      at Emitter.l [as emit] (../core/dist/events/emitter.js:32:17)
      at BackupService.emit [as changed] (../core/dist/backup/service.js:69:26)
      at BackupService.changed (../core/dist/backup/service.js:75:14)
      at setBusy (../core/dist/backup/service.js:217:18)
      at asyncGeneratorStep (../../node_modules/@babel/runtime/helpers/asyncToGenerator.js:3:17)
      at _next (../../node_modules/@babel/runtime/helpers/asyncToGenerator.js:17:9)
      at ../../node_modules/@babel/runtime/helpers/asyncToGenerator.js:22:7
      at ../../node_modules/@babel/runtime/helpers/asyncToGenerator.js:14:12

    console.error
      The current testing environment is not configured to support act(...)

      30 |         for (const l of [...set]) {
      31 |             try {
    > 32 |                 l();
         |                 ^
      33 |             }
      34 |             catch {
      35 |                 /* a listener's failure is not the SDK's */

      at isConcurrentActEnvironment (../../node_modules/react-test-renderer/cjs/react-test-renderer.development.js:11999:17)
      at warnIfUpdatesNotWrappedWithActDEV (../../node_modules/react-test-renderer/cjs/react-test-renderer.development.js:14399:7)
      at scheduleUpdateOnFiber (../../node_modules/react-test-renderer/cjs/react-test-renderer.development.js:12086:9)
      at forceStoreRerender (../../node_modules/react-test-renderer/cjs/react-test-renderer.development.js:5432:24)
      at ../../node_modules/react-test-renderer/cjs/react-test-renderer.development.js:5417:11
      at Emitter.l [as emit] (../core/dist/events/emitter.js:32:17)
      at BackupService.emit [as changed] (../core/dist/backup/service.js:69:26)
      at BackupService.changed (../core/dist/backup/service.js:80:14)
      at asyncGeneratorStep (../../node_modules/@babel/runtime/helpers/asyncToGenerator.js:3:17)
      at _next (../../node_modules/@babel/runtime/helpers/asyncToGenerator.js:17:9)

    console.error
      The current testing environment is not configured to support act(...)

      30 |         for (const l of [...set]) {
      31 |             try {
    > 32 |                 l();
         |                 ^
      33 |             }
      34 |             catch {
      35 |                 /* a listener's failure is not the SDK's */

      at isConcurrentActEnvironment (../../node_modules/react-test-renderer/cjs/react-test-renderer.development.js:11999:17)
      at warnIfUpdatesNotWrappedWithActDEV (../../node_modules/react-test-renderer/cjs/react-test-renderer.development.js:14399:7)
      at scheduleUpdateOnFiber (../../node_modules/react-test-renderer/cjs/react-test-renderer.development.js:12086:9)
      at forceStoreRerender (../../node_modules/react-test-renderer/cjs/react-test-renderer.development.js:5432:24)
      at ../../node_modules/react-test-renderer/cjs/react-test-renderer.development.js:5417:11
      at Emitter.l [as emit] (../core/dist/events/emitter.js:32:17)
      at BackupService.emit [as changed] (../core/dist/backup/service.js:69:26)
      at BackupService.changed (../core/dist/backup/service.js:75:14)
      at setBusy (../core/dist/backup/service.js:230:22)
      at asyncGeneratorStep (../../node_modules/@babel/runtime/helpers/asyncToGenerator.js:3:17)
      at _next (../../node_modules/@babel/runtime/helpers/asyncToGenerator.js:17:9)

    console.error
      The current testing environment is not configured to support act(...)

      141 |     try {
      142 |       await restore(normalizeRecoveryPhrase(restoreInput));
    > 143 |       setRestoreInput('');
          |       ^
      144 |       toast.success(t('backup.restore.done'));
      145 |     } catch (error: unknown) {
      146 |       if (error instanceof RecoveryPhraseError) {

      at isConcurrentActEnvironment (../../node_modules/react-test-renderer/cjs/react-test-renderer.development.js:11999:17)
      at warnIfUpdatesNotWrappedWithActDEV (../../node_modules/react-test-renderer/cjs/react-test-renderer.development.js:14399:7)
      at scheduleUpdateOnFiber (../../node_modules/react-test-renderer/cjs/react-test-renderer.development.js:12086:9)
      at dispatchSetStateInternal (../../node_modules/react-test-renderer/cjs/react-test-renderer.development.js:6208:13)
      at dispatchSetState (../../node_modules/react-test-renderer/cjs/react-test-renderer.development.js:6165:7)
      at setRestoreInput (components/backup/BackupPanel.tsx:143:7)
      at asyncGeneratorStep (../../node_modules/@babel/runtime/helpers/asyncToGenerator.js:3:17)
      at _next (../../node_modules/@babel/runtime/helpers/asyncToGenerator.js:17:9)

    console.error
      The current testing environment is not configured to support act(...)

      151 |       }
      152 |     } finally {
    > 153 |       setAction(null);
          |       ^
      154 |     }
      155 |   }, [busy, restore, restoreInput, t]);
      156 |

      at isConcurrentActEnvironment (../../node_modules/react-test-renderer/cjs/react-test-renderer.development.js:11999:17)
      at warnIfUpdatesNotWrappedWithActDEV (../../node_modules/react-test-renderer/cjs/react-test-renderer.development.js:14399:7)
      at scheduleUpdateOnFiber (../../node_modules/react-test-renderer/cjs/react-test-renderer.development.js:12086:9)
      at dispatchSetStateInternal (../../node_modules/react-test-renderer/cjs/react-test-renderer.development.js:6208:13)
      at dispatchSetState (../../node_modules/react-test-renderer/cjs/react-test-renderer.development.js:6165:7)
      at setAction (components/backup/BackupPanel.tsx:153:7)
      at asyncGeneratorStep (../../node_modules/@babel/runtime/helpers/asyncToGenerator.js:3:17)
      at _next (../../node_modules/@babel/runtime/helpers/asyncToGenerator.js:17:9)

    console.error
      The current testing environment is not configured to support act(...)

      104 |     });
      105 |     if (!confirmed) return;
    > 106 |     setAction('disable');
          |     ^
      107 |     try {
      108 |       await disable();
      109 |       toast.success(t('backup.disabled'));

      at isConcurrentActEnvironment (../../node_modules/react-test-renderer/cjs/react-test-renderer.development.js:11999:17)
      at warnIfUpdatesNotWrappedWithActDEV (../../node_modules/react-test-renderer/cjs/react-test-renderer.development.js:14399:7)
      at scheduleUpdateOnFiber (../../node_modules/react-test-renderer/cjs/react-test-renderer.development.js:12086:9)
      at dispatchSetStateInternal (../../node_modules/react-test-renderer/cjs/react-test-renderer.development.js:6208:13)
      at dispatchSetState (../../node_modules/react-test-renderer/cjs/react-test-renderer.development.js:6165:7)
      at setAction (components/backup/BackupPanel.tsx:106:5)
      at asyncGeneratorStep (../../node_modules/@babel/runtime/helpers/asyncToGenerator.js:3:17)
      at _next (../../node_modules/@babel/runtime/helpers/asyncToGenerator.js:17:9)

    console.error
      The current testing environment is not configured to support act(...)

      30 |         for (const l of [...set]) {
      31 |             try {
    > 32 |                 l();
         |                 ^
      33 |             }
      34 |             catch {
      35 |                 /* a listener's failure is not the SDK's */

      at isConcurrentActEnvironment (../../node_modules/react-test-renderer/cjs/react-test-renderer.development.js:11999:17)
      at warnIfUpdatesNotWrappedWithActDEV (../../node_modules/react-test-renderer/cjs/react-test-renderer.development.js:14399:7)
      at scheduleUpdateOnFiber (../../node_modules/react-test-renderer/cjs/react-test-renderer.development.js:12086:9)
      at forceStoreRerender (../../node_modules/react-test-renderer/cjs/react-test-renderer.development.js:5432:24)
      at ../../node_modules/react-test-renderer/cjs/react-test-renderer.development.js:5417:11
      at Emitter.l [as emit] (../core/dist/events/emitter.js:32:17)
      at BackupService.emit [as changed] (../core/dist/backup/service.js:69:26)
      at BackupService.changed (../core/dist/backup/service.js:80:14)
      at asyncGeneratorStep (../../node_modules/@babel/runtime/helpers/asyncToGenerator.js:3:17)
      at _next (../../node_modules/@babel/runtime/helpers/asyncToGenerator.js:17:9)

    console.error
      The current testing environment is not configured to support act(...)

      112 |       toast.error(getErrorMessage(error) || t('backup.disableFailed'));
      113 |     } finally {
    > 114 |       setAction(null);
          |       ^
      115 |     }
      116 |   }, [busy, disable, t]);
      117 |

      at isConcurrentActEnvironment (../../node_modules/react-test-renderer/cjs/react-test-renderer.development.js:11999:17)
      at warnIfUpdatesNotWrappedWithActDEV (../../node_modules/react-test-renderer/cjs/react-test-renderer.development.js:14399:7)
      at scheduleUpdateOnFiber (../../node_modules/react-test-renderer/cjs/react-test-renderer.development.js:12086:9)
      at dispatchSetStateInternal (../../node_modules/react-test-renderer/cjs/react-test-renderer.development.js:6208:13)
      at dispatchSetState (../../node_modules/react-test-renderer/cjs/react-test-renderer.development.js:6165:7)
      at setAction (components/backup/BackupPanel.tsx:114:7)
      at asyncGeneratorStep (../../node_modules/@babel/runtime/helpers/asyncToGenerator.js:3:17)
      at _next (../../node_modules/@babel/runtime/helpers/asyncToGenerator.js:17:9)

PASS __tests__/allo/sessionAdapter.test.ts
PASS __tests__/privacy/translations.test.ts
PASS __tests__/allo/postLoginTree.test.tsx
PASS __tests__/allo/transferBanner.test.tsx
  ● Console

    console.error
      An update to FontLoader inside a test was not wrapped in act(...).
      
      When testing, code that causes React state updates should be wrapped into act(...):
      
      act(() => {
        /* fire events that update state */
      });
      /* assert on the output */
      
      This ensures that you're testing the behavior the user would see in the browser. Learn more at https://react.dev/link/wrap-tests-with-act

      at ../../node_modules/react-test-renderer/cjs/react-test-renderer.development.js:14402:19
      at runWithFiberInDEV (../../node_modules/react-test-renderer/cjs/react-test-renderer.development.js:2315:13)
      at warnIfUpdatesNotWrappedWithActDEV (../../node_modules/react-test-renderer/cjs/react-test-renderer.development.js:14401:9)
      at scheduleUpdateOnFiber (../../node_modules/react-test-renderer/cjs/react-test-renderer.development.js:12086:9)
      at dispatchSetStateInternal (../../node_modules/react-test-renderer/cjs/react-test-renderer.development.js:6208:13)
      at dispatchSetState (../../node_modules/react-test-renderer/cjs/react-test-renderer.development.js:6165:7)
      at setLoaded (../../node_modules/expo-font/src/FontHooks.ts:28:11)

PASS __tests__/allo/noLegacyChatPath.test.ts
PASS __tests__/allo/unreachableBanner.test.tsx
PASS __tests__/allo/storage.native.test.ts
PASS __tests__/allo/secrets.test.ts
PASS __tests__/chat/model.test.ts
PASS __tests__/allo/storage.web.test.ts
PASS __tests__/circuitBreaker.test.ts
  ● Console

    console.error
      [Circuit Breaker] Opened for test after 5 failures. Last error: HTTP 500

      248 |       if (this.failures >= this.threshold) {
      249 |         this.state = 'open';
    > 250 |         console.error(
          |                 ^
      251 |           `[Circuit Breaker] Opened for ${this.name} after ${this.failures} failures. ` +
      252 |             `Last error: ${getErrorMessage(error)}`
      253 |         );

      at CircuitBreaker.error (lib/api/retryLogic.ts:250:17)
          at Generator.throw (<anonymous>)
      at asyncGeneratorStep (../../node_modules/@babel/runtime/helpers/asyncToGenerator.js:3:17)
      at _throw (../../node_modules/@babel/runtime/helpers/asyncToGenerator.js:20:9)

    console.error
      [Circuit Breaker] Opened for test after 5 failures. Last error: HTTP 503

      248 |       if (this.failures >= this.threshold) {
      249 |         this.state = 'open';
    > 250 |         console.error(
          |                 ^
      251 |           `[Circuit Breaker] Opened for ${this.name} after ${this.failures} failures. ` +
      252 |             `Last error: ${getErrorMessage(error)}`
      253 |         );

      at CircuitBreaker.error (lib/api/retryLogic.ts:250:17)
          at Generator.throw (<anonymous>)
      at asyncGeneratorStep (../../node_modules/@babel/runtime/helpers/asyncToGenerator.js:3:17)
      at _throw (../../node_modules/@babel/runtime/helpers/asyncToGenerator.js:20:9)

    console.error
      [Circuit Breaker] Opened for test after 5 failures. Last error: HTTP 429

      248 |       if (this.failures >= this.threshold) {
      249 |         this.state = 'open';
    > 250 |         console.error(
          |                 ^
      251 |           `[Circuit Breaker] Opened for ${this.name} after ${this.failures} failures. ` +
      252 |             `Last error: ${getErrorMessage(error)}`
      253 |         );

      at CircuitBreaker.error (lib/api/retryLogic.ts:250:17)
          at Generator.throw (<anonymous>)
      at asyncGeneratorStep (../../node_modules/@babel/runtime/helpers/asyncToGenerator.js:3:17)
      at _throw (../../node_modules/@babel/runtime/helpers/asyncToGenerator.js:20:9)

    console.error
      [Circuit Breaker] Opened for test after 5 failures. Last error: HTTP 408

      248 |       if (this.failures >= this.threshold) {
      249 |         this.state = 'open';
    > 250 |         console.error(
          |                 ^
      251 |           `[Circuit Breaker] Opened for ${this.name} after ${this.failures} failures. ` +
      252 |             `Last error: ${getErrorMessage(error)}`
      253 |         );

      at CircuitBreaker.error (lib/api/retryLogic.ts:250:17)
          at Generator.throw (<anonymous>)
      at asyncGeneratorStep (../../node_modules/@babel/runtime/helpers/asyncToGenerator.js:3:17)
      at _throw (../../node_modules/@babel/runtime/helpers/asyncToGenerator.js:20:9)

    console.error
      [Circuit Breaker] Opened for test after 5 failures. Last error: Network request failed

      248 |       if (this.failures >= this.threshold) {
      249 |         this.state = 'open';
    > 250 |         console.error(
          |                 ^
      251 |           `[Circuit Breaker] Opened for ${this.name} after ${this.failures} failures. ` +
      252 |             `Last error: ${getErrorMessage(error)}`
      253 |         );

      at CircuitBreaker.error (lib/api/retryLogic.ts:250:17)
          at Generator.throw (<anonymous>)
      at asyncGeneratorStep (../../node_modules/@babel/runtime/helpers/asyncToGenerator.js:3:17)
      at _throw (../../node_modules/@babel/runtime/helpers/asyncToGenerator.js:20:9)

    console.error
      [Circuit Breaker] Opened for test after 5 failures. Last error: HTTP 500

      248 |       if (this.failures >= this.threshold) {
      249 |         this.state = 'open';
    > 250 |         console.error(
          |                 ^
      251 |           `[Circuit Breaker] Opened for ${this.name} after ${this.failures} failures. ` +
      252 |             `Last error: ${getErrorMessage(error)}`
      253 |         );

      at CircuitBreaker.error (lib/api/retryLogic.ts:250:17)
          at Generator.throw (<anonymous>)
      at asyncGeneratorStep (../../node_modules/@babel/runtime/helpers/asyncToGenerator.js:3:17)
      at _throw (../../node_modules/@babel/runtime/helpers/asyncToGenerator.js:20:9)

    console.error
      [Circuit Breaker] Opened for test after 5 failures. Last error: HTTP 500

      248 |       if (this.failures >= this.threshold) {
      249 |         this.state = 'open';
    > 250 |         console.error(
          |                 ^
      251 |           `[Circuit Breaker] Opened for ${this.name} after ${this.failures} failures. ` +
      252 |             `Last error: ${getErrorMessage(error)}`
      253 |         );

      at CircuitBreaker.error (lib/api/retryLogic.ts:250:17)
          at Generator.throw (<anonymous>)
      at asyncGeneratorStep (../../node_modules/@babel/runtime/helpers/asyncToGenerator.js:3:17)
      at _throw (../../node_modules/@babel/runtime/helpers/asyncToGenerator.js:20:9)

    console.error
      [Circuit Breaker] Opened for test after 5 failures. Last error: HTTP 500

      248 |       if (this.failures >= this.threshold) {
      249 |         this.state = 'open';
    > 250 |         console.error(
          |                 ^
      251 |           `[Circuit Breaker] Opened for ${this.name} after ${this.failures} failures. ` +
      252 |             `Last error: ${getErrorMessage(error)}`
      253 |         );

      at CircuitBreaker.error (lib/api/retryLogic.ts:250:17)
          at Generator.throw (<anonymous>)
      at asyncGeneratorStep (../../node_modules/@babel/runtime/helpers/asyncToGenerator.js:3:17)
      at _throw (../../node_modules/@babel/runtime/helpers/asyncToGenerator.js:20:9)

    console.error
      [Circuit Breaker] Opened for test after 5 failures. Last error: HTTP 500

      248 |       if (this.failures >= this.threshold) {
      249 |         this.state = 'open';
    > 250 |         console.error(
          |                 ^
      251 |           `[Circuit Breaker] Opened for ${this.name} after ${this.failures} failures. ` +
      252 |             `Last error: ${getErrorMessage(error)}`
      253 |         );

      at CircuitBreaker.error (lib/api/retryLogic.ts:250:17)
          at Generator.throw (<anonymous>)
      at asyncGeneratorStep (../../node_modules/@babel/runtime/helpers/asyncToGenerator.js:3:17)
      at _throw (../../node_modules/@babel/runtime/helpers/asyncToGenerator.js:20:9)

    console.error
      [Circuit Breaker] Opened for test after 5 failures. Last error: HTTP 500

      248 |       if (this.failures >= this.threshold) {
      249 |         this.state = 'open';
    > 250 |         console.error(
          |                 ^
      251 |           `[Circuit Breaker] Opened for ${this.name} after ${this.failures} failures. ` +
      252 |             `Last error: ${getErrorMessage(error)}`
      253 |         );

      at CircuitBreaker.error (lib/api/retryLogic.ts:250:17)
          at Generator.throw (<anonymous>)
      at asyncGeneratorStep (../../node_modules/@babel/runtime/helpers/asyncToGenerator.js:3:17)
      at _throw (../../node_modules/@babel/runtime/helpers/asyncToGenerator.js:20:9)

    console.error
      [Circuit Breaker] Opened for test after 6 failures. Last error: HTTP 500

      248 |       if (this.failures >= this.threshold) {
      249 |         this.state = 'open';
    > 250 |         console.error(
          |                 ^
      251 |           `[Circuit Breaker] Opened for ${this.name} after ${this.failures} failures. ` +
      252 |             `Last error: ${getErrorMessage(error)}`
      253 |         );

      at CircuitBreaker.error (lib/api/retryLogic.ts:250:17)
          at Generator.throw (<anonymous>)
      at asyncGeneratorStep (../../node_modules/@babel/runtime/helpers/asyncToGenerator.js:3:17)
      at _throw (../../node_modules/@babel/runtime/helpers/asyncToGenerator.js:20:9)

    console.error
      [Circuit Breaker] Opened for test after 5 failures. Last error: HTTP 503:

      248 |       if (this.failures >= this.threshold) {
      249 |         this.state = 'open';
    > 250 |         console.error(
          |                 ^
      251 |           `[Circuit Breaker] Opened for ${this.name} after ${this.failures} failures. ` +
      252 |             `Last error: ${getErrorMessage(error)}`
      253 |         );

      at CircuitBreaker.error (lib/api/retryLogic.ts:250:17)
          at Generator.throw (<anonymous>)
      at asyncGeneratorStep (../../node_modules/@babel/runtime/helpers/asyncToGenerator.js:3:17)
      at _throw (../../node_modules/@babel/runtime/helpers/asyncToGenerator.js:20:9)

PASS __tests__/profile/handle.test.ts
PASS __tests__/routes/navigationTargets.test.ts
PASS __tests__/chat/attachmentViewer.test.ts
PASS __tests__/chat/poll.test.ts
PASS __tests__/chat/newConversation.test.ts
PASS __tests__/chat/place.test.ts
PASS __tests__/privacy/hiddenWords.test.ts
PASS __tests__/appearanceEndpoint.test.ts

Test Suites: 34 passed, 34 total
Tests:       283 passed, 283 total
Snapshots:   0 total
Time:        51.101 s
Ran all test suites.
Jest did not exit one second after the test run has completed.

'This usually means that there are asynchronous operations that weren't stopped in your tests. Consider running Jest with `--detectOpenHandles` to troubleshoot this issue.

  ●  Cannot log after tests are done. Did you forget to wait for something async in your test?
    Attempted to log "An update to PushRegistration inside a test was not wrapped in act(...).

    When testing, code that causes React state updates should be wrapped into act(...):

    act(() => {
      /* fire events that update state */
    });
    /* assert on the output */

    This ensures that you're testing the behavior the user would see in the browser. Learn more at https://react.dev/link/wrap-tests-with-act".

      22 |         if (cache.current)
      23 |             cache.current.version++;
    > 24 |         onChange();
         |         ^
      25 |     }), [client, topic]);
      26 |     const read = (0, react_1.useCallback)(() => {
      27 |         const c = cache.current;

      at console.error (../../node_modules/@jest/console/build/BufferedConsole.js:127:10)
      at ../../node_modules/react-test-renderer/cjs/react-test-renderer.development.js:14402:19
      at runWithFiberInDEV (../../node_modules/react-test-renderer/cjs/react-test-renderer.development.js:2315:13)
      at warnIfUpdatesNotWrappedWithActDEV (../../node_modules/react-test-renderer/cjs/react-test-renderer.development.js:14401:9)
      at scheduleUpdateOnFiber (../../node_modules/react-test-renderer/cjs/react-test-renderer.development.js:12086:9)
      at forceStoreRerender (../../node_modules/react-test-renderer/cjs/react-test-renderer.development.js:5432:24)
      at ../../node_modules/react-test-renderer/cjs/react-test-renderer.development.js:5417:11
      at onChange (../react/dist/internal/useClientSnapshot.js:24:9)
      at Emitter.l [as emit] (../core/dist/events/emitter.js:32:17)
      at InstanceManager.emit (../core/dist/instance/manager.js:224:35)
      at asyncGeneratorStep (../../node_modules/@babel/runtime/helpers/asyncToGenerator.js:3:17)
      at _next (../../node_modules/@babel/runtime/helpers/asyncToGenerator.js:17:9)


  ●  Cannot log after tests are done. Did you forget to wait for something async in your test?
    Attempted to log "An update to EnrollmentGate inside a test was not wrapped in act(...).

    When testing, code that causes React state updates should be wrapped into act(...):

    act(() => {
      /* fire events that update state */
    });
    /* assert on the output */

    This ensures that you're testing the behavior the user would see in the browser. Learn more at https://react.dev/link/wrap-tests-with-act".

      22 |         if (cache.current)
      23 |             cache.current.version++;
    > 24 |         onChange();
         |         ^
      25 |     }), [client, topic]);
      26 |     const read = (0, react_1.useCallback)(() => {
      27 |         const c = cache.current;

      at console.error (../../node_modules/@jest/console/build/BufferedConsole.js:127:10)
      at ../../node_modules/react-test-renderer/cjs/react-test-renderer.development.js:14402:19
      at runWithFiberInDEV (../../node_modules/react-test-renderer/cjs/react-test-renderer.development.js:2315:13)
      at warnIfUpdatesNotWrappedWithActDEV (../../node_modules/react-test-renderer/cjs/react-test-renderer.development.js:14401:9)
      at scheduleUpdateOnFiber (../../node_modules/react-test-renderer/cjs/react-test-renderer.development.js:12086:9)
      at forceStoreRerender (../../node_modules/react-test-renderer/cjs/react-test-renderer.development.js:5432:24)
      at ../../node_modules/react-test-renderer/cjs/react-test-renderer.development.js:5417:11
      at onChange (../react/dist/internal/useClientSnapshot.js:24:9)
      at Emitter.l [as emit] (../core/dist/events/emitter.js:32:17)
      at InstanceManager.emit (../core/dist/instance/manager.js:224:35)
      at asyncGeneratorStep (../../node_modules/@babel/runtime/helpers/asyncToGenerator.js:3:17)
      at _next (../../node_modules/@babel/runtime/helpers/asyncToGenerator.js:17:9)


  ●  Cannot log after tests are done. Did you forget to wait for something async in your test?
    Attempted to log "An update to PushRegistration inside a test was not wrapped in act(...).

    When testing, code that causes React state updates should be wrapped into act(...):

    act(() => {
      /* fire events that update state */
    });
    /* assert on the output */

    This ensures that you're testing the behavior the user would see in the browser. Learn more at https://react.dev/link/wrap-tests-with-act".

      22 |         if (cache.current)
      23 |             cache.current.version++;
    > 24 |         onChange();
         |         ^
      25 |     }), [client, topic]);
      26 |     const read = (0, react_1.useCallback)(() => {
      27 |         const c = cache.current;

      at console.error (../../node_modules/@jest/console/build/BufferedConsole.js:127:10)
      at ../../node_modules/react-test-renderer/cjs/react-test-renderer.development.js:14402:19
      at runWithFiberInDEV (../../node_modules/react-test-renderer/cjs/react-test-renderer.development.js:2315:13)
      at warnIfUpdatesNotWrappedWithActDEV (../../node_modules/react-test-renderer/cjs/react-test-renderer.development.js:14401:9)
      at scheduleUpdateOnFiber (../../node_modules/react-test-renderer/cjs/react-test-renderer.development.js:12086:9)
      at forceStoreRerender (../../node_modules/react-test-renderer/cjs/react-test-renderer.development.js:5432:24)
      at ../../node_modules/react-test-renderer/cjs/react-test-renderer.development.js:5417:11
      at onChange (../react/dist/internal/useClientSnapshot.js:24:9)
      at Emitter.l [as emit] (../core/dist/events/emitter.js:32:17)
      at InstanceManager.emit (../core/dist/instance/manager.js:224:35)
      at asyncGeneratorStep (../../node_modules/@babel/runtime/helpers/asyncToGenerator.js:3:17)
      at _next (../../node_modules/@babel/runtime/helpers/asyncToGenerator.js:17:9)


  ●  Cannot log after tests are done. Did you forget to wait for something async in your test?
    Attempted to log "An update to EnrollmentGate inside a test was not wrapped in act(...).

    When testing, code that causes React state updates should be wrapped into act(...):

    act(() => {
      /* fire events that update state */
    });
    /* assert on the output */

    This ensures that you're testing the behavior the user would see in the browser. Learn more at https://react.dev/link/wrap-tests-with-act".

      22 |         if (cache.current)
      23 |             cache.current.version++;
    > 24 |         onChange();
         |         ^
      25 |     }), [client, topic]);
      26 |     const read = (0, react_1.useCallback)(() => {
      27 |         const c = cache.current;

      at console.error (../../node_modules/@jest/console/build/BufferedConsole.js:127:10)
      at ../../node_modules/react-test-renderer/cjs/react-test-renderer.development.js:14402:19
      at runWithFiberInDEV (../../node_modules/react-test-renderer/cjs/react-test-renderer.development.js:2315:13)
      at warnIfUpdatesNotWrappedWithActDEV (../../node_modules/react-test-renderer/cjs/react-test-renderer.development.js:14401:9)
      at scheduleUpdateOnFiber (../../node_modules/react-test-renderer/cjs/react-test-renderer.development.js:12086:9)
      at forceStoreRerender (../../node_modules/react-test-renderer/cjs/react-test-renderer.development.js:5432:24)
      at ../../node_modules/react-test-renderer/cjs/react-test-renderer.development.js:5417:11
      at onChange (../react/dist/internal/useClientSnapshot.js:24:9)
      at Emitter.l [as emit] (../core/dist/events/emitter.js:32:17)
      at InstanceManager.emit (../core/dist/instance/manager.js:224:35)
      at asyncGeneratorStep (../../node_modules/@babel/runtime/helpers/asyncToGenerator.js:3:17)
      at _next (../../node_modules/@babel/runtime/helpers/asyncToGenerator.js:17:9)


  ●  Cannot log after tests are done. Did you forget to wait for something async in your test?
    Attempted to log "An update to PushRegistration inside a test was not wrapped in act(...).

    When testing, code that causes React state updates should be wrapped into act(...):

    act(() => {
      /* fire events that update state */
    });
    /* assert on the output */

    This ensures that you're testing the behavior the user would see in the browser. Learn more at https://react.dev/link/wrap-tests-with-act".

      22 |         if (cache.current)
      23 |             cache.current.version++;
    > 24 |         onChange();
         |         ^
      25 |     }), [client, topic]);
      26 |     const read = (0, react_1.useCallback)(() => {
      27 |         const c = cache.current;

      at console.error (../../node_modules/@jest/console/build/BufferedConsole.js:127:10)
      at ../../node_modules/react-test-renderer/cjs/react-test-renderer.development.js:14402:19
      at runWithFiberInDEV (../../node_modules/react-test-renderer/cjs/react-test-renderer.development.js:2315:13)
      at warnIfUpdatesNotWrappedWithActDEV (../../node_modules/react-test-renderer/cjs/react-test-renderer.development.js:14401:9)
      at scheduleUpdateOnFiber (../../node_modules/react-test-renderer/cjs/react-test-renderer.development.js:12086:9)
      at forceStoreRerender (../../node_modules/react-test-renderer/cjs/react-test-renderer.development.js:5432:24)
      at ../../node_modules/react-test-renderer/cjs/react-test-renderer.development.js:5417:11
      at onChange (../react/dist/internal/useClientSnapshot.js:24:9)
      at Emitter.l [as emit] (../core/dist/events/emitter.js:32:17)
      at InstanceManager.emit (../core/dist/instance/manager.js:224:35)
      at asyncGeneratorStep (../../node_modules/@babel/runtime/helpers/asyncToGenerator.js:3:17)
      at _next (../../node_modules/@babel/runtime/helpers/asyncToGenerator.js:17:9)


  ●  Cannot log after tests are done. Did you forget to wait for something async in your test?
    Attempted to log "An update to EnrollmentGate inside a test was not wrapped in act(...).

    When testing, code that causes React state updates should be wrapped into act(...):

    act(() => {
      /* fire events that update state */
    });
    /* assert on the output */

    This ensures that you're testing the behavior the user would see in the browser. Learn more at https://react.dev/link/wrap-tests-with-act".

      22 |         if (cache.current)
      23 |             cache.current.version++;
    > 24 |         onChange();
         |         ^
      25 |     }), [client, topic]);
      26 |     const read = (0, react_1.useCallback)(() => {
      27 |         const c = cache.current;

      at console.error (../../node_modules/@jest/console/build/BufferedConsole.js:127:10)
      at ../../node_modules/react-test-renderer/cjs/react-test-renderer.development.js:14402:19
      at runWithFiberInDEV (../../node_modules/react-test-renderer/cjs/react-test-renderer.development.js:2315:13)
      at warnIfUpdatesNotWrappedWithActDEV (../../node_modules/react-test-renderer/cjs/react-test-renderer.development.js:14401:9)
      at scheduleUpdateOnFiber (../../node_modules/react-test-renderer/cjs/react-test-renderer.development.js:12086:9)
      at forceStoreRerender (../../node_modules/react-test-renderer/cjs/react-test-renderer.development.js:5432:24)
      at ../../node_modules/react-test-renderer/cjs/react-test-renderer.development.js:5417:11
      at onChange (../react/dist/internal/useClientSnapshot.js:24:9)
      at Emitter.l [as emit] (../core/dist/events/emitter.js:32:17)
      at InstanceManager.emit (../core/dist/instance/manager.js:224:35)
      at asyncGeneratorStep (../../node_modules/@babel/runtime/helpers/asyncToGenerator.js:3:17)
      at _next (../../node_modules/@babel/runtime/helpers/asyncToGenerator.js:17:9)


  ●  Cannot log after tests are done. Did you forget to wait for something async in your test?
    Attempted to log "An update to PushRegistration inside a test was not wrapped in act(...).

    When testing, code that causes React state updates should be wrapped into act(...):

    act(() => {
      /* fire events that update state */
    });
    /* assert on the output */

    This ensures that you're testing the behavior the user would see in the browser. Learn more at https://react.dev/link/wrap-tests-with-act".

      22 |         if (cache.current)
      23 |             cache.current.version++;
    > 24 |         onChange();
         |         ^
      25 |     }), [client, topic]);
      26 |     const read = (0, react_1.useCallback)(() => {
      27 |         const c = cache.current;

      at console.error (../../node_modules/@jest/console/build/BufferedConsole.js:127:10)
      at ../../node_modules/react-test-renderer/cjs/react-test-renderer.development.js:14402:19
      at runWithFiberInDEV (../../node_modules/react-test-renderer/cjs/react-test-renderer.development.js:2315:13)
      at warnIfUpdatesNotWrappedWithActDEV (../../node_modules/react-test-renderer/cjs/react-test-renderer.development.js:14401:9)
      at scheduleUpdateOnFiber (../../node_modules/react-test-renderer/cjs/react-test-renderer.development.js:12086:9)
      at forceStoreRerender (../../node_modules/react-test-renderer/cjs/react-test-renderer.development.js:5432:24)
      at ../../node_modules/react-test-renderer/cjs/react-test-renderer.development.js:5417:11
      at onChange (../react/dist/internal/useClientSnapshot.js:24:9)
      at Emitter.l [as emit] (../core/dist/events/emitter.js:32:17)
      at InstanceManager.emit (../core/dist/instance/manager.js:224:35)
      at asyncGeneratorStep (../../node_modules/@babel/runtime/helpers/asyncToGenerator.js:3:17)
      at _next (../../node_modules/@babel/runtime/helpers/asyncToGenerator.js:17:9)


  ●  Cannot log after tests are done. Did you forget to wait for something async in your test?
    Attempted to log "An update to EnrollmentGate inside a test was not wrapped in act(...).

    When testing, code that causes React state updates should be wrapped into act(...):

    act(() => {
      /* fire events that update state */
    });
    /* assert on the output */

    This ensures that you're testing the behavior the user would see in the browser. Learn more at https://react.dev/link/wrap-tests-with-act".

      22 |         if (cache.current)
      23 |             cache.current.version++;
    > 24 |         onChange();
         |         ^
      25 |     }), [client, topic]);
      26 |     const read = (0, react_1.useCallback)(() => {
      27 |         const c = cache.current;

      at console.error (../../node_modules/@jest/console/build/BufferedConsole.js:127:10)
      at ../../node_modules/react-test-renderer/cjs/react-test-renderer.development.js:14402:19
      at runWithFiberInDEV (../../node_modules/react-test-renderer/cjs/react-test-renderer.development.js:2315:13)
      at warnIfUpdatesNotWrappedWithActDEV (../../node_modules/react-test-renderer/cjs/react-test-renderer.development.js:14401:9)
      at scheduleUpdateOnFiber (../../node_modules/react-test-renderer/cjs/react-test-renderer.development.js:12086:9)
      at forceStoreRerender (../../node_modules/react-test-renderer/cjs/react-test-renderer.development.js:5432:24)
      at ../../node_modules/react-test-renderer/cjs/react-test-renderer.development.js:5417:11
      at onChange (../react/dist/internal/useClientSnapshot.js:24:9)
      at Emitter.l [as emit] (../core/dist/events/emitter.js:32:17)
      at InstanceManager.emit (../core/dist/instance/manager.js:224:35)
      at asyncGeneratorStep (../../node_modules/@babel/runtime/helpers/asyncToGenerator.js:3:17)
      at _next (../../node_modules/@babel/runtime/helpers/asyncToGenerator.js:17:9)

error: script "test" was terminated by signal SIGTERM (Polite quit request)
